2026-09-22T03:57:40Z,0, 27, 130.86, 1920, 7000, 47;1, 29, 124.36, 1875, 7000, 47;2, 33, 62.51, 1890, 7000, 41;3, 0, 77.60, 1905, 7000, 35;
2026-09-22T03:57:41Z,0, 7, 173.87, 1920, 7000, 48;1, 13, 161.92, 1875, 7000, 48;2, 18, 133.01, 1890, 7000, 42;3, 0, 71.52, 1905, 7000, 35;
2026-09-22T03:57:42Z,0, 28, 155.31, 1905, 7000, 50;1, 21, 170.45, 1875, 7000, 49;2, 21, 131.46, 1890, 7000, 43;3, 0, 71.25, 1905, 7000, 35;
2026-09-22T03:57:43Z,0, 29, 173.92, 1905, 7000, 50;1, 30, 156.23, 1860, 7000, 49;2, 34, 157.74, 1890, 7000, 44;3, 0, 71.66, 1905, 7000, 35;
2026-09-22T03:57:45Z,0, 29, 174.51, 1905, 7000, 50;1, 30, 171.29, 1875, 7000, 49;2, 33, 134.39, 1890, 7000, 44;3, 0, 76.82, 1905, 7000, 35;
2026-09-22T03:57:46Z,0, 28, 155.69, 1905, 7000, 50;1, 30, 178.58, 1860, 7000, 49;2, 33, 158.80, 1890, 7000, 44;3, 0, 71.15, 1905, 7000, 35;
2026-09-22T03:57:47Z,0, 28, 156.06, 1905, 7000, 50;1, 30, 158.37, 1875, 7000, 50;2, 34, 156.72, 1890, 7000, 45;3, 0, 71.50, 1905, 7000, 35;
2026-09-22T03:57:48Z,0, 29, 155.98, 1905, 7000, 51;1, 30, 174.21, 1875, 7000, 50;2, 35, 129.66, 1890, 7000, 45;3, 0, 71.44, 1905, 7000, 35;
2026-09-22T03:57:49Z,0, 29, 180.62, 1905, 7000, 51;1, 30, 164.32, 1875, 7000, 50;2, 34, 153.37, 1890, 7000, 45;3, 0, 75.77, 1905, 7000, 35;
2026-09-22T03:57:50Z,0, 29, 157.61, 1905, 7000, 51;1, 31, 166.21, 1875, 7000, 50;2, 35, 134.81, 1890, 7000, 45;3, 0, 71.34, 1905, 7000, 35;
2026-09-22T03:57:51Z,0, 29, 156.48, 1905, 7000, 51;1, 31, 169.43, 1860, 7000, 50;2, 34, 151.40, 1890, 7000, 45;3, 0, 71.42, 1905, 7000, 35;
2026-09-22T03:57:52Z,0, 29, 157.08, 1905, 7000, 51;1, 30, 164.09, 1875, 7000, 50;2, 34, 143.28, 1890, 7000, 45;3, 0, 71.61, 1905, 7000, 35;
2026-09-22T03:57:53Z,0, 28, 165.16, 1905, 7000, 51;1, 30, 156.64, 1875, 7000, 50;2, 33, 132.42, 1890, 7000, 45;3, 0, 73.46, 1905, 7000, 35;
2026-09-22T03:57:54Z,0, 29, 161.54, 1905, 7000, 51;1, 29, 155.84, 1860, 7000, 49;2, 35, 132.08, 1890, 7000, 45;3, 0, 71.60, 1905, 7000, 35;
2026-09-22T03:57:55Z,0, 28, 157.22, 1905, 7000, 52;1, 30, 154.47, 1875, 7000, 51;2, 33, 138.31, 1890, 7000, 46;3, 0, 71.40, 1905, 7000, 35;
2026-09-22T03:57:57Z,0, 28, 158.40, 1905, 7000, 51;1, 30, 180.09, 1860, 7000, 50;2, 33, 162.54, 1890, 7000, 46;3, 0, 71.31, 1905, 7000, 35;
2026-09-22T03:57:58Z,0, 29, 182.77, 1905, 7000, 52;1, 30, 167.54, 1875, 7000, 50;2, 35, 156.06, 1890, 7000, 46;3, 0, 71.35, 1905, 7000, 35;
2026-09-22T03:57:59Z,0, 29, 181.69, 1905, 7000, 52;1, 31, 180.74, 1875, 7000, 50;2, 35, 136.86, 1890, 7000, 46;3, 0, 71.40, 1905, 7000, 35;
2026-09-22T03:58:00Z,0, 29, 162.65, 1905, 7000, 52;1, 31, 153.71, 1875, 7000, 51;2, 35, 165.49, 1890, 7000, 46;3, 0, 71.59, 1905, 7000, 35;
2026-09-22T03:58:01Z,0, 28, 169.74, 1905, 7000, 52;1, 31, 180.55, 1875, 7000, 51;2, 35, 144.79, 1890, 7000, 47;3, 0, 71.27, 1905, 7000, 35;
2026-09-22T03:58:02Z,0, 29, 150.43, 1905, 7000, 50;1, 31, 181.58, 1875, 7000, 50;2, 34, 99.19, 1890, 7000, 44;3, 0, 71.65, 1905, 7000, 35;
2026-09-22T03:58:03Z,0, 20, 105.96, 1905, 7000, 48;1, 7, 100.22, 1875, 7000, 49;2, 9, 63.84, 1890, 7000, 42;3, 0, 99.86, 1905, 7000, 35;
2026-09-22T03:58:04Z,0, 10, 171.25, 1905, 7000, 52;1, 23, 153.85, 1875, 7000, 51;2, 25, 141.61, 1890, 7000, 47;3, 0, 71.28, 1905, 7000, 35;
2026-09-22T03:58:05Z,0, 29, 157.65, 1905, 7000, 53;1, 32, 175.91, 1875, 7000, 52;2, 35, 164.52, 1890, 7000, 47;3, 0, 71.60, 1905, 7000, 35;
2026-09-22T03:58:06Z,0, 30, 169.32, 1905, 7000, 52;1, 31, 174.48, 1875, 7000, 51;2, 36, 148.97, 1890, 7000, 47;3, 0, 71.73, 1905, 7000, 35;
2026-09-22T03:58:07Z,0, 29, 159.56, 1905, 7000, 53;1, 32, 153.73, 1875, 7000, 52;2, 35, 166.46, 1890, 7000, 47;3, 0, 99.82, 1905, 7000, 35;
2026-09-22T03:58:08Z,0, 30, 173.62, 1905, 7000, 53;1, 32, 174.95, 1875, 7000, 52;2, 36, 166.71, 1890, 7000, 47;3, 0, 71.35, 1905, 7000, 35;
2026-09-22T03:58:10Z,0, 30, 183.48, 1905, 7000, 53;1, 31, 183.34, 1875, 7000, 52;2, 35, 152.11, 1890, 7000, 47;3, 0, 71.68, 1905, 7000, 35;
2026-09-22T03:58:11Z,0, 29, 160.02, 1905, 7000, 54;1, 32, 174.03, 1875, 7000, 52;2, 35, 166.63, 1890, 7000, 48;3, 0, 71.61, 1905, 7000, 35;
2026-09-22T03:58:12Z,0, 29, 167.74, 1905, 7000, 53;1, 31, 156.95, 1860, 7000, 51;2, 33, 166.58, 1890, 7000, 47;3, 0, 96.58, 1905, 7000, 35;
2026-09-22T03:58:13Z,0, 29, 183.67, 1905, 7000, 53;1, 30, 182.72, 1845, 7000, 52;2, 36, 162.45, 1890, 7000, 48;3, 0, 71.58, 1905, 7000, 35;
2026-09-22T03:58:14Z,0, 30, 184.54, 1905, 7000, 54;1, 32, 157.20, 1875, 7000, 53;2, 35, 142.66, 1890, 7000, 48;3, 0, 71.77, 1905, 7000, 35;
2026-09-22T03:58:15Z,0, 30, 181.17, 1905, 7000, 54;1, 31, 172.30, 1845, 7000, 52;2, 35, 134.78, 1890, 7000, 48;3, 0, 71.84, 1905, 7000, 35;
2026-09-22T03:58:16Z,0, 29, 172.19, 1905, 7000, 54;1, 31, 177.72, 1875, 7000, 53;2, 35, 167.44, 1890, 7000, 49;3, 0, 90.06, 1905, 7000, 35;
2026-09-22T03:58:17Z,0, 29, 158.65, 1890, 7000, 54;1, 31, 190.81, 1875, 7000, 53;2, 35, 141.09, 1890, 7000, 48;3, 0, 71.59, 1905, 7000, 35;
2026-09-22T03:58:18Z,0, 29, 173.77, 1905, 7000, 54;1, 31, 158.23, 1875, 7000, 53;2, 35, 163.74, 1890, 7000, 48;3, 0, 71.53, 1905, 7000, 35;
2026-09-22T03:58:19Z,0, 29, 166.11, 1905, 7000, 54;1, 31, 191.38, 1875, 7000, 54;2, 34, 137.61, 1890, 7000, 49;3, 0, 71.51, 1905, 7000, 35;
2026-09-22T03:58:20Z,0, 28, 161.09, 1905, 7000, 54;1, 31, 171.76, 1875, 7000, 53;2, 35, 141.58, 1890, 7000, 48;3, 0, 84.16, 1905, 7000, 35;
2026-09-22T03:58:22Z,0, 29, 161.21, 1905, 7000, 55;1, 31, 159.70, 1875, 7000, 54;2, 34, 146.70, 1890, 7000, 49;3, 0, 71.50, 1905, 7000, 35;
2026-09-22T03:58:23Z,0, 30, 160.83, 1905, 7000, 54;1, 31, 167.27, 1860, 7000, 53;2, 35, 142.76, 1890, 7000, 49;3, 0, 71.66, 1905, 7000, 35;
2026-09-22T03:58:24Z,0, 29, 112.04, 1905, 7000, 51;1, 32, 103.87, 1875, 7000, 51;2, 36, 67.36, 1890, 7000, 46;3, 0, 71.72, 1905, 7000, 35;
2026-09-22T03:58:25Z,0, 15, 183.80, 1905, 7000, 54;1, 17, 189.65, 1875, 7000, 54;2, 25, 154.38, 1890, 7000, 49;3, 0, 82.51, 1905, 7000, 35;
2026-09-22T03:58:26Z,0, 30, 165.21, 1890, 7000, 55;1, 29, 167.02, 1875, 7000, 54;2, 35, 136.12, 1890, 7000, 49;3, 0, 71.40, 1905, 7000, 35;
2026-09-22T03:58:27Z,0, 29, 172.16, 1890, 7000, 55;1, 31, 176.84, 1875, 7000, 54;2, 35, 142.90, 1890, 7000, 49;3, 0, 71.27, 1905, 7000, 35;
2026-09-22T03:58:28Z,0, 29, 171.51, 1875, 7000, 55;1, 32, 162.95, 1875, 7000, 54;2, 36, 137.26, 1890, 7000, 49;3, 0, 71.32, 1905, 7000, 35;
2026-09-22T03:58:29Z,0, 30, 160.55, 1890, 7000, 54;1, 31, 167.11, 1845, 7000, 54;2, 35, 155.44, 1890, 7000, 49;3, 0, 78.18, 1905, 7000, 35;
2026-09-22T03:58:30Z,0, 29, 169.00, 1890, 7000, 55;1, 32, 190.25, 1875, 7000, 55;2, 36, 169.42, 1890, 7000, 50;3, 0, 71.61, 1905, 7000, 35;
2026-09-22T03:58:31Z,0, 30, 184.11, 1890, 7000, 55;1, 32, 177.91, 1875, 7000, 54;2, 36, 155.88, 1890, 7000, 49;3, 0, 71.70, 1905, 7000, 35;
2026-09-22T03:58:32Z,0, 29, 185.58, 1890, 7000, 55;1, 31, 162.14, 1875, 7000, 54;2, 35, 169.65, 1890, 7000, 49;3, 0, 71.56, 1905, 7000, 35;
2026-09-22T03:58:33Z,0, 30, 176.68, 1890, 7000, 55;1, 31, 179.47, 1875, 7000, 54;2, 36, 168.46, 1890, 7000, 50;3, 0, 75.51, 1905, 7000, 35;
2026-09-22T03:58:35Z,0, 30, 186.34, 1890, 7000, 56;1, 32, 162.87, 1875, 7000, 55;2, 35, 149.27, 1890, 7000, 50;3, 0, 71.49, 1905, 7000, 35;
2026-09-22T03:58:36Z,0, 29, 171.69, 1890, 7000, 56;1, 31, 177.27, 1875, 7000, 55;2, 35, 140.57, 1890, 7000, 49;3, 0, 71.23, 1905, 7000, 35;
2026-09-22T03:58:37Z,0, 30, 184.89, 1890, 7000, 55;1, 31, 169.09, 1875, 7000, 55;2, 36, 139.26, 1890, 7000, 50;3, 0, 71.33, 1905, 7000, 35;
2026-09-22T03:58:38Z,0, 29, 173.65, 1890, 7000, 56;1, 31, 168.40, 1875, 7000, 55;2, 36, 138.80, 1890, 7000, 50;3, 0, 74.93, 1905, 7000, 35;
2026-09-22T03:58:39Z,0, 30, 169.48, 1890, 7000, 55;1, 31, 162.88, 1875, 7000, 55;2, 35, 165.99, 1890, 7000, 50;3, 0, 71.27, 1905, 7000, 35;
2026-09-22T03:58:40Z,0, 29, 185.37, 1890, 7000, 56;1, 32, 167.89, 1875, 7000, 55;2, 36, 154.82, 1890, 7000, 50;3, 0, 71.53, 1905, 7000, 35;
2026-09-22T03:58:41Z,0, 30, 187.18, 1890, 7000, 56;1, 32, 185.34, 1875, 7000, 54;2, 35, 142.60, 1890, 7000, 50;3, 0, 71.43, 1905, 7000, 35;
2026-09-22T03:58:42Z,0, 29, 182.75, 1875, 7000, 56;1, 32, 191.23, 1860, 7000, 55;2, 35, 134.38, 1875, 7000, 50;3, 0, 71.36, 1905, 7000, 35;
2026-09-22T03:58:43Z,0, 30, 174.53, 1890, 7000, 56;1, 31, 164.44, 1875, 7000, 55;2, 36, 165.07, 1875, 7000, 50;3, 0, 71.89, 1905, 7000, 35;
2026-09-22T03:58:44Z,0, 30, 141.07, 1890, 7000, 54;1, 32, 184.18, 1875, 7000, 54;2, 35, 156.37, 1875, 7000, 49;3, 0, 71.67, 1905, 7000, 35;
2026-09-22T03:58:45Z,0, 19, 176.88, 1890, 7000, 55;1, 15, 180.34, 1875, 7000, 55;2, 20, 163.15, 1875, 7000, 50;3, 0, 71.56, 1905, 7000, 35;
2026-09-22T03:58:47Z,0, 29, 186.10, 1890, 7000, 56;1, 32, 186.21, 1875, 7000, 55;2, 32, 143.91, 1875, 7000, 50;3, 0, 71.52, 1905, 7000, 35;
2026-09-22T03:58:48Z,0, 30, 187.38, 1890, 7000, 56;1, 32, 188.31, 1845, 7000, 55;2, 36, 153.32, 1875, 7000, 50;3, 0, 84.57, 1905, 7000, 35;
2026-09-22T03:58:49Z,0, 29, 182.98, 1890, 7000, 56;1, 31, 176.30, 1875, 7000, 56;2, 35, 136.68, 1875, 7000, 50;3, 0, 71.54, 1905, 7000, 35;
2026-09-22T03:58:50Z,0, 30, 165.65, 1890, 7000, 57;1, 32, 186.40, 1875, 7000, 56;2, 36, 164.66, 1875, 7000, 50;3, 0, 71.87, 1905, 7000, 35;
2026-09-22T03:58:51Z,0, 30, 183.70, 1890, 7000, 56;1, 31, 169.79, 1875, 7000, 56;2, 36, 147.80, 1875, 7000, 50;3, 0, 71.44, 1905, 7000, 35;
2026-09-22T03:58:52Z,0, 29, 172.94, 1890, 7000, 56;1, 31, 166.30, 1875, 7000, 55;2, 36, 142.94, 1875, 7000, 50;3, 0, 99.78, 1905, 7000, 35;
2026-09-22T03:58:53Z,0, 30, 160.35, 1875, 7000, 57;1, 32, 189.61, 1845, 7000, 56;2, 35, 160.81, 1875, 7000, 51;3, 0, 71.49, 1905, 7000, 35;
2026-09-22T03:58:54Z,0, 30, 179.41, 1890, 7000, 57;1, 31, 168.22, 1875, 7000, 56;2, 36, 165.95, 1875, 7000, 50;3, 0, 71.11, 1905, 7000, 35;
2026-09-22T03:58:55Z,0, 30, 183.84, 1890, 7000, 57;1, 32, 188.30, 1875, 7000, 56;2, 36, 154.75, 1875, 7000, 50;3, 0, 71.24, 1905, 7000, 35;
2026-09-22T03:58:56Z,0, 30, 179.34, 1890, 7000, 56;1, 32, 178.16, 1875, 7000, 56;2, 35, 168.76, 1860, 7000, 51;3, 0, 98.97, 1905, 7000, 35;
2026-09-22T03:58:57Z,0, 29, 160.33, 1890, 7000, 57;1, 31, 184.50, 1875, 7000, 56;2, 36, 150.55, 1875, 7000, 50;3, 0, 71.26, 1905, 7000, 35;
2026-09-22T03:58:59Z,0, 30, 171.80, 1890, 7000, 56;1, 32, 173.46, 1875, 7000, 56;2, 35, 161.84, 1875, 7000, 51;3, 0, 71.50, 1905, 7000, 35;
2026-09-22T03:59:00Z,0, 30, 187.53, 1890, 7000, 57;1, 31, 189.06, 1875, 7000, 56;2, 36, 163.81, 1875, 7000, 51;3, 0, 71.54, 1905, 7000, 35;
2026-09-22T03:59:01Z,0, 29, 187.56, 1890, 7000, 57;1, 32, 186.73, 1845, 7000, 56;2, 35, 167.16, 1875, 7000, 51;3, 0, 93.63, 1905, 7000, 35;
2026-09-22T03:59:02Z,0, 30, 161.22, 1890, 7000, 57;1, 31, 183.72, 1875, 7000, 57;2, 36, 136.30, 1875, 7000, 51;3, 0, 71.43, 1905, 7000, 35;
2026-09-22T03:59:03Z,0, 30, 167.81, 1890, 7000, 57;1, 32, 168.37, 1875, 7000, 56;2, 35, 142.03, 1875, 7000, 50;3, 0, 71.44, 1905, 7000, 35;
2026-09-22T03:59:04Z,0, 29, 179.52, 1890, 7000, 57;1, 32, 186.67, 1845, 7000, 56;2, 36, 150.62, 1875, 7000, 51;3, 0, 71.77, 1905, 7000, 35;
2026-09-22T03:59:05Z,0, 30, 188.00, 1890, 7000, 58;1, 31, 186.03, 1875, 7000, 57;2, 36, 159.46, 1875, 7000, 51;3, 0, 87.28, 1905, 7000, 35;
2026-09-22T03:59:06Z,0, 17, 183.02, 1890, 7000, 56;1, 28, 188.39, 1875, 7000, 56;2, 16, 152.43, 1875, 7000, 50;3, 0, 71.51, 1905, 7000, 35;
2026-09-22T03:59:07Z,0, 28, 161.37, 1890, 7000, 57;1, 19, 158.94, 1875, 7000, 57;2, 36, 143.10, 1875, 7000, 51;3, 0, 71.27, 1905, 7000, 35;
2026-09-22T03:59:08Z,0, 29, 164.16, 1890, 7000, 57;1, 31, 183.51, 1845, 7000, 56;2, 35, 157.87, 1875, 7000, 51;3, 0, 71.72, 1905, 7000, 35;
2026-09-22T03:59:09Z,0, 30, 164.43, 1890, 7000, 58;1, 31, 186.87, 1875, 7000, 57;2, 35, 138.02, 1875, 7000, 51;3, 0, 81.43, 1905, 7000, 35;
2026-09-22T03:59:10Z,0, 29, 186.25, 1890, 7000, 58;1, 32, 166.30, 1875, 7000, 56;2, 35, 150.65, 1875, 7000, 51;3, 0, 71.68, 1905, 7000, 35;
2026-09-22T03:59:12Z,0, 30, 186.92, 1890, 7000, 57;1, 31, 170.38, 1875, 7000, 56;2, 36, 162.47, 1875, 7000, 51;3, 0, 71.59, 1905, 7000, 35;
2026-09-22T03:59:13Z,0, 29, 185.54, 1890, 7000, 58;1, 31, 166.97, 1875, 7000, 57;2, 36, 133.18, 1875, 7000, 51;3, 0, 71.74, 1905, 7000, 35;
2026-09-22T03:59:14Z,0, 30, 184.22, 1890, 7000, 58;1, 32, 171.37, 1875, 7000, 57;2, 35, 155.99, 1875, 7000, 51;3, 0, 80.03, 1905, 7000, 35;
2026-09-22T03:59:15Z,0, 30, 171.30, 1890, 7000, 58;1, 32, 185.49, 1875, 7000, 56;2, 36, 169.12, 1875, 7000, 51;3, 0, 71.46, 1905, 7000, 35;
2026-09-22T03:59:16Z,0, 29, 161.86, 1890, 7000, 57;1, 31, 188.49, 1875, 7000, 56;2, 36, 167.24, 1875, 7000, 51;3, 0, 71.64, 1905, 7000, 35;
2026-09-22T03:59:17Z,0, 30, 180.76, 1890, 7000, 58;1, 32, 157.78, 1875, 7000, 57;2, 35, 143.18, 1875, 7000, 51;3, 0, 71.56, 1905, 7000, 35;
2026-09-22T03:59:18Z,0, 30, 161.83, 1890, 7000, 57;1, 32, 190.70, 1875, 7000, 56;2, 36, 170.16, 1875, 7000, 51;3, 0, 76.71, 1905, 7000, 35;
2026-09-22T03:59:19Z,0, 29, 177.70, 1875, 7000, 58;1, 31, 185.87, 1875, 7000, 57;2, 35, 155.40, 1875, 7000, 51;3, 0, 71.72, 1905, 7000, 35;
2026-09-22T03:59:20Z,0, 30, 162.17, 1890, 7000, 58;1, 32, 189.64, 1875, 7000, 57;2, 35, 167.11, 1875, 7000, 50;3, 0, 72.12, 1905, 7000, 35;
2026-09-22T03:59:21Z,0, 29, 165.19, 1890, 7000, 58;1, 31, 165.26, 1845, 7000, 57;2, 36, 171.19, 1875, 7000, 51;3, 0, 71.59, 1905, 7000, 35;
2026-09-22T03:59:22Z,0, 30, 177.41, 1890, 7000, 59;1, 32, 164.22, 1875, 7000, 57;2, 35, 167.52, 1875, 7000, 51;3, 0, 74.64, 1905, 7000, 35;
2026-09-22T03:59:23Z,0, 29, 166.49, 1875, 7000, 58;1, 31, 183.47, 1875, 7000, 57;2, 36, 148.71, 1875, 7000, 51;3, 0, 71.76, 1905, 7000, 35;
2026-09-22T03:59:25Z,0, 30, 164.13, 1890, 7000, 58;1, 32, 160.89, 1875, 7000, 57;2, 36, 161.93, 1875, 7000, 51;3, 0, 71.31, 1905, 7000, 35;
2026-09-22T03:59:26Z,0, 30, 173.99, 1890, 7000, 59;1, 31, 168.37, 1875, 7000, 58;2, 35, 169.91, 1875, 7000, 52;3, 0, 71.79, 1905, 7000, 35;
2026-09-22T03:59:27Z,0, 17, 186.35, 1890, 7000, 58;1, 20, 188.27, 1875, 7000, 57;2, 31, 130.12, 1875, 7000, 50;3, 0, 73.45, 1905, 7000, 35;
2026-09-22T03:59:28Z,0, 30, 167.91, 1890, 7000, 59;1, 29, 169.67, 1875, 7000, 57;2, 24, 144.50, 1875, 7000, 51;3, 0, 71.62, 1905, 7000, 35;
2026-09-22T03:59:29Z,0, 29, 173.51, 1875, 7000, 58;1, 32, 172.25, 1845, 7000, 57;2, 35, 136.77, 1875, 7000, 51;3, 0, 71.98, 1905, 7000, 35;
2026-09-22T03:59:30Z,0, 30, 186.73, 1890, 7000, 59;1, 31, 190.81, 1875, 7000, 58;2, 35, 170.29, 1875, 7000, 51;3, 0, 71.18, 1905, 7000, 35;
2026-09-22T03:59:31Z,0, 29, 181.60, 1890, 7000, 59;1, 32, 175.21, 1875, 7000, 57;2, 36, 148.41, 1875, 7000, 51;3, 0, 71.50, 1905, 7000, 35;
2026-09-22T03:59:32Z,0, 30, 163.66, 1890, 7000, 58;1, 31, 163.34, 1875, 7000, 57;2, 35, 138.27, 1875, 7000, 51;3, 0, 71.30, 1905, 7000, 35;
2026-09-22T03:59:33Z,0, 30, 166.77, 1890, 7000, 59;1, 31, 174.04, 1860, 7000, 57;2, 36, 145.43, 1875, 7000, 51;3, 0, 71.38, 1905, 7000, 35;
2026-09-22T03:59:34Z,0, 29, 173.19, 1890, 7000, 59;1, 32, 161.58, 1860, 7000, 57;2, 36, 157.12, 1875, 7000, 51;3, 0, 71.57, 1905, 7000, 35;
2026-09-22T03:59:35Z,0, 30, 164.56, 1890, 7000, 59;1, 31, 176.41, 1830, 7000, 56;2, 35, 170.66, 1875, 7000, 51;3, 0, 71.75, 1905, 7000, 35;
2026-09-22T03:59:37Z,0, 30, 181.93, 1890, 7000, 59;1, 32, 192.36, 1860, 7000, 57;2, 36, 145.65, 1875, 7000, 52;3, 0, 100.08, 1905, 7000, 35;
2026-09-22T03:59:38Z,0, 29, 189.77, 1890, 7000, 60;1, 32, 168.46, 1860, 7000, 58;2, 35, 167.11, 1875, 7000, 51;3, 0, 71.69, 1905, 7000, 35;
2026-09-22T03:59:39Z,0, 30, 177.16, 1890, 7000, 59;1, 31, 191.71, 1860, 7000, 57;2, 35, 171.04, 1875, 7000, 51;3, 0, 71.59, 1905, 7000, 35;
2026-09-22T03:59:40Z,0, 29, 164.88, 1890, 7000, 60;1, 32, 179.04, 1860, 7000, 58;2, 35, 156.33, 1875, 7000, 51;3, 0, 71.75, 1905, 7000, 35;
2026-09-22T03:59:41Z,0, 30, 170.20, 1890, 7000, 59;1, 31, 191.81, 1860, 7000, 57;2, 36, 170.90, 1875, 7000, 51;3, 0, 97.68, 1905, 7000, 35;
2026-09-22T03:59:42Z,0, 29, 188.22, 1890, 7000, 59;1, 32, 187.43, 1830, 7000, 57;2, 35, 140.96, 1875, 7000, 52;3, 0, 71.38, 1905, 7000, 35;
2026-09-22T03:59:43Z,0, 30, 192.28, 1890, 7000, 60;1, 31, 168.35, 1860, 7000, 58;2, 36, 139.62, 1875, 7000, 51;3, 0, 71.58, 1905, 7000, 35;
2026-09-22T03:59:44Z,0, 29, 184.06, 1890, 7000, 59;1, 32, 163.57, 1860, 7000, 57;2, 35, 142.30, 1875, 7000, 51;3, 0, 71.78, 1905, 7000, 35;
2026-09-22T03:59:45Z,0, 30, 184.07, 1890, 7000, 60;1, 32, 187.06, 1830, 7000, 57;2, 36, 150.26, 1875, 7000, 51;3, 0, 96.14, 1905, 7000, 35;
2026-09-22T03:59:46Z,0, 30, 192.02, 1890, 7000, 60;1, 31, 169.39, 1860, 7000, 58;2, 35, 165.26, 1875, 7000, 51;3, 0, 71.52, 1905, 7000, 35;
2026-09-22T03:59:47Z,0, 24, 177.87, 1890, 7000, 59;1, 32, 166.10, 1860, 7000, 57;2, 21, 126.36, 1875, 7000, 50;3, 0, 71.68, 1905, 7000, 35;
2026-09-22T03:59:49Z,0, 22, 167.97, 1890, 7000, 60;1, 18, 191.32, 1860, 7000, 57;2, 33, 150.09, 1875, 7000, 50;3, 0, 71.68, 1905, 7000, 36;
2026-09-22T03:59:50Z,0, 30, 163.85, 1875, 7000, 60;1, 32, 189.60, 1860, 7000, 57;2, 35, 157.13, 1875, 7000, 51;3, 0, 90.32, 1905, 7000, 35;
2026-09-22T03:59:51Z,0, 29, 171.83, 1890, 7000, 60;1, 31, 165.03, 1860, 7000, 58;2, 35, 165.60, 1875, 7000, 51;3, 0, 71.53, 1905, 7000, 35;
2026-09-22T03:59:52Z,0, 30, 165.60, 1890, 7000, 60;1, 31, 191.89, 1860, 7000, 57;2, 36, 166.76, 1875, 7000, 51;3, 0, 71.69, 1905, 7000, 35;
2026-09-22T03:59:53Z,0, 30, 188.18, 1890, 7000, 59;1, 32, 180.57, 1860, 7000, 57;2, 36, 156.15, 1875, 7000, 51;3, 0, 71.86, 1905, 7000, 35;
2026-09-22T03:59:54Z,0, 30, 187.04, 1890, 7000, 60;1, 32, 162.45, 1860, 7000, 58;2, 35, 144.03, 1875, 7000, 52;3, 0, 83.90, 1905, 7000, 35;
2026-09-22T03:59:55Z,0, 30, 171.16, 1890, 7000, 61;1, 31, 177.67, 1860, 7000, 58;2, 36, 145.26, 1875, 7000, 51;3, 0, 71.61, 1905, 7000, 35;
2026-09-22T03:59:56Z,0, 29, 174.93, 1890, 7000, 60;1, 32, 159.31, 1860, 7000, 58;2, 36, 154.62, 1875, 7000, 51;3, 0, 71.49, 1905, 7000, 35;
2026-09-22T03:59:57Z,0, 30, 171.22, 1890, 7000, 60;1, 32, 185.76, 1860, 7000, 57;2, 36, 138.52, 1875, 7000, 51;3, 0, 71.74, 1905, 7000, 35;
2026-09-22T03:59:58Z,0, 30, 171.19, 1875, 7000, 60;1, 31, 185.55, 1830, 7000, 57;2, 35, 147.30, 1875, 7000, 51;3, 0, 82.64, 1905, 7000, 35;
2026-09-22T03:59:59Z,0, 29, 192.05, 1875, 7000, 61;1, 31, 165.51, 1845, 7000, 58;2, 35, 167.58, 1875, 7000, 52;3, 0, 71.83, 1905, 7000, 35;
2026-09-22T04:00:01Z,0, 30, 185.31, 1890, 7000, 60;1, 31, 174.18, 1860, 7000, 57;2, 35, 141.32, 1875, 7000, 51;3, 0, 71.61, 1905, 7000, 35;
2026-09-22T04:00:02Z,0, 29, 170.81, 1875, 7000, 60;1, 31, 191.49, 1830, 7000, 58;2, 36, 155.23, 1875, 7000, 52;3, 0, 71.64, 1905, 7000, 35;
2026-09-22T04:00:03Z,0, 30, 169.70, 1890, 7000, 61;1, 32, 185.88, 1860, 7000, 58;2, 35, 154.79, 1875, 7000, 51;3, 0, 78.43, 1905, 7000, 35;
2026-09-22T04:00:04Z,0, 30, 184.28, 1890, 7000, 60;1, 32, 174.96, 1860, 7000, 57;2, 36, 146.50, 1875, 7000, 51;3, 0, 71.61, 1905, 7000, 35;
2026-09-22T04:00:05Z,0, 29, 192.10, 1890, 7000, 61;1, 32, 170.45, 1860, 7000, 58;2, 35, 152.57, 1875, 7000, 52;3, 0, 71.49, 1905, 7000, 35;
2026-09-22T04:00:06Z,0, 30, 187.00, 1890, 7000, 60;1, 31, 162.24, 1860, 7000, 58;2, 36, 139.51, 1875, 7000, 51;3, 0, 71.70, 1905, 7000, 35;
2026-09-22T04:00:07Z,0, 30, 179.10, 1890, 7000, 60;1, 32, 184.53, 1860, 7000, 57;2, 35, 133.88, 1875, 7000, 51;3, 0, 77.50, 1905, 7000, 35;
2026-09-22T04:00:08Z,0, 18, 138.96, 1890, 7000, 58;1, 22, 151.75, 1845, 7000, 56;2, 36, 146.96, 1875, 7000, 49;3, 0, 71.63, 1905, 7000, 35;
2026-09-22T04:00:09Z,0, 29, 176.87, 1890, 7000, 61;1, 26, 183.26, 1860, 7000, 58;2, 19, 135.34, 1875, 7000, 51;3, 0, 71.67, 1905, 7000, 35;
2026-09-22T04:00:10Z,0, 29, 163.23, 1890, 7000, 59;1, 32, 184.14, 1830, 7000, 57;2, 36, 151.96, 1860, 7000, 51;3, 0, 71.75, 1905, 7000, 35;
2026-09-22T04:00:11Z,0, 30, 165.22, 1890, 7000, 61;1, 31, 159.59, 1860, 7000, 58;2, 35, 133.17, 1875, 7000, 51;3, 0, 74.69, 1905, 7000, 35;
2026-09-22T04:00:12Z,0, 29, 179.10, 1890, 7000, 61;1, 32, 180.56, 1860, 7000, 58;2, 36, 156.64, 1875, 7000, 51;3, 0, 71.94, 1905, 7000, 35;
2026-09-22T04:00:14Z,0, 30, 165.48, 1890, 7000, 61;1, 32, 184.77, 1860, 7000, 58;2, 35, 166.72, 1875, 7000, 51;3, 0, 71.80, 1905, 7000, 35;
2026-09-22T04:00:15Z,0, 30, 184.81, 1890, 7000, 60;1, 31, 176.31, 1845, 7000, 57;2, 35, 169.11, 1875, 7000, 51;3, 0, 71.69, 1905, 7000, 35;
2026-09-22T04:00:16Z,0, 29, 187.88, 1890, 7000, 60;1, 31, 160.23, 1860, 7000, 57;2, 36, 157.26, 1875, 7000, 51;3, 0, 71.66, 1905, 7000, 35;
2026-09-22T04:00:17Z,0, 30, 175.78, 1860, 7000, 61;1, 31, 184.73, 1830, 7000, 58;2, 35, 169.16, 1875, 7000, 51;3, 0, 71.65, 1905, 7000, 35;
2026-09-22T04:00:18Z,0, 30, 170.77, 1890, 7000, 61;1, 31, 158.48, 1860, 7000, 58;2, 36, 168.11, 1875, 7000, 51;3, 0, 71.57, 1905, 7000, 35;
2026-09-22T04:00:19Z,0, 30, 174.19, 1890, 7000, 61;1, 32, 184.02, 1860, 7000, 58;2, 36, 147.74, 1875, 7000, 51;3, 0, 71.64, 1905, 7000, 35;
2026-09-22T04:00:20Z,0, 30, 174.07, 1890, 7000, 60;1, 32, 187.58, 1860, 7000, 57;2, 35, 134.21, 1875, 7000, 51;3, 0, 71.31, 1905, 7000, 35;
2026-09-22T04:00:21Z,0, 29, 163.40, 1890, 7000, 61;1, 31, 188.01, 1860, 7000, 58;2, 36, 155.42, 1875, 7000, 51;3, 0, 71.85, 1905, 7000, 35;
2026-09-22T04:00:22Z,0, 30, 173.26, 1890, 7000, 60;1, 31, 190.31, 1860, 7000, 57;2, 35, 160.16, 1875, 7000, 51;3, 0, 71.63, 1905, 7000, 35;
2026-09-22T04:00:23Z,0, 29, 186.72, 1875, 7000, 61;1, 31, 177.22, 1845, 7000, 58;2, 35, 169.72, 1875, 7000, 52;3, 0, 71.34, 1905, 7000, 35;
2026-09-22T04:00:24Z,0, 30, 164.55, 1890, 7000, 61;1, 32, 186.51, 1860, 7000, 58;2, 36, 170.17, 1875, 7000, 51;3, 0, 71.80, 1905, 7000, 35;
2026-09-22T04:00:26Z,0, 30, 174.04, 1890, 7000, 60;1, 31, 190.79, 1860, 7000, 57;2, 35, 168.06, 1875, 7000, 51;3, 0, 94.62, 1905, 7000, 35;
2026-09-22T04:00:27Z,0, 29, 186.52, 1890, 7000, 61;1, 32, 176.45, 1830, 7000, 58;2, 36, 154.82, 1875, 7000, 51;3, 0, 71.82, 1905, 7000, 35;
2026-09-22T04:00:28Z,0, 30, 189.46, 1890, 7000, 61;1, 32, 158.67, 1860, 7000, 58;2, 35, 146.11, 1875, 7000, 51;3, 0, 71.70, 1905, 7000, 35;
2026-09-22T04:00:29Z,0, 30, 155.20, 1740, 7000, 58;1, 31, 142.12, 1695, 7000, 57;2, 29, 132.23, 1875, 7000, 49;3, 0, 71.86, 1905, 7000, 35;
2026-09-22T04:00:30Z,0, 17, 188.08, 1890, 7000, 60;1, 32, 161.29, 1860, 7000, 57;2, 25, 163.78, 1875, 7000, 51;3, 0, 98.91, 1905, 7000, 35;
2026-09-22T04:00:31Z,0, 30, 180.34, 1890, 7000, 61;1, 31, 174.41, 1860, 7000, 58;2, 35, 144.68, 1875, 7000, 51;3, 0, 71.64, 1905, 7000, 35;
2026-09-22T04:00:32Z,0, 29, 189.84, 1890, 7000, 61;1, 32, 168.12, 1860, 7000, 57;2, 35, 153.85, 1875, 7000, 51;3, 0, 71.58, 1905, 7000, 35;
2026-09-22T04:00:33Z,0, 30, 165.09, 1890, 7000, 61;1, 31, 186.05, 1860, 7000, 58;2, 35, 138.64, 1875, 7000, 51;3, 0, 71.56, 1905, 7000, 35;
2026-09-22T04:00:34Z,0, 29, 181.02, 1890, 7000, 61;1, 32, 167.95, 1860, 7000, 58;2, 36, 170.99, 1875, 7000, 51;3, 0, 97.61, 1905, 7000, 35;
2026-09-22T04:00:35Z,0, 30, 165.66, 1890, 7000, 61;1, 32, 186.70, 1860, 7000, 57;2, 35, 151.45, 1875, 7000, 51;3, 0, 71.33, 1905, 7000, 35;
2026-09-22T04:00:36Z,0, 30, 179.80, 1860, 7000, 61;1, 31, 184.95, 1830, 7000, 58;2, 36, 138.39, 1875, 7000, 51;3, 0, 71.48, 1905, 7000, 35;
2026-09-22T04:00:38Z,0, 29, 189.36, 1890, 7000, 61;1, 31, 163.44, 1860, 7000, 58;2, 35, 141.12, 1875, 7000, 51;3, 0, 71.36, 1905, 7000, 35;
2026-09-22T04:00:39Z,0, 30, 184.60, 1890, 7000, 61;1, 32, 191.97, 1860, 7000, 58;2, 36, 155.80, 1860, 7000, 50;3, 0, 91.10, 1905, 7000, 36;
2026-09-22T04:00:40Z,0, 30, 189.14, 1890, 7000, 61;1, 31, 167.33, 1860, 7000, 57;2, 35, 171.10, 1875, 7000, 51;3, 0, 71.75, 1905, 7000, 35;
2026-09-22T04:00:41Z,0, 30, 192.26, 1860, 7000, 61;1, 31, 168.87, 1830, 7000, 58;2, 36, 139.54, 1875, 7000, 51;3, 0, 71.68, 1905, 7000, 35;
2026-09-22T04:00:42Z,0, 29, 194.28, 1890, 7000, 61;1, 32, 162.80, 1860, 7000, 58;2, 35, 150.48, 1875, 7000, 51;3, 0, 71.69, 1905, 7000, 35;
2026-09-22T04:00:43Z,0, 30, 180.53, 1890, 7000, 62;1, 31, 168.48, 1860, 7000, 58;2, 36, 146.65, 1875, 7000, 51;3, 0, 84.76, 1905, 7000, 35;
2026-09-22T04:00:44Z,0, 29, 166.15, 1890, 7000, 61;1, 31, 171.09, 1860, 7000, 57;2, 35, 139.09, 1875, 7000, 51;3, 0, 71.35, 1905, 7000, 35;
2026-09-22T04:00:45Z,0, 30, 194.45, 1890, 7000, 62;1, 31, 163.28, 1860, 7000, 58;2, 36, 138.97, 1875, 7000, 52;3, 0, 71.70, 1905, 7000, 35;
2026-09-22T04:00:46Z,0, 29, 174.10, 1875, 7000, 61;1, 32, 170.17, 1860, 7000, 58;2, 35, 168.69, 1875, 7000, 51;3, 0, 72.18, 1905, 7000, 35;
2026-09-22T04:00:47Z,0, 30, 167.76, 1890, 7000, 61;1, 31, 188.56, 1860, 7000, 58;2, 36, 160.17, 1875, 7000, 51;3, 0, 80.07, 1905, 7000, 35;
2026-09-22T04:00:48Z,0, 29, 170.35, 1860, 7000, 61;1, 32, 163.70, 1860, 7000, 58;2, 35, 148.04, 1875, 7000, 51;3, 0, 71.88, 1905, 7000, 35;
2026-09-22T04:00:49Z,0, 19, 163.20, 1890, 7000, 58;1, 28, 140.48, 1860, 7000, 56;2, 36, 121.21, 1875, 7000, 48;3, 0, 71.77, 1905, 7000, 35;
2026-09-22T04:00:51Z,0, 29, 170.76, 1890, 7000, 61;1, 20, 191.84, 1860, 7000, 57;2, 34, 153.64, 1875, 7000, 50;3, 0, 71.85, 1905, 7000, 35;
2026-09-22T04:00:52Z,0, 29, 192.94, 1890, 7000, 61;1, 32, 171.02, 1860, 7000, 57;2, 36, 171.31, 1875, 7000, 51;3, 0, 79.14, 1905, 7000, 35;
2026-09-22T04:00:53Z,0, 30, 188.70, 1890, 7000, 61;1, 31, 177.75, 1830, 7000, 57;2, 35, 160.36, 1875, 7000, 50;3, 0, 71.99, 1905, 7000, 35;
2026-09-22T04:00:54Z,0, 29, 190.23, 1875, 7000, 61;1, 32, 191.79, 1860, 7000, 58;2, 36, 143.40, 1875, 7000, 51;3, 0, 71.58, 1905, 7000, 35;
2026-09-22T04:00:55Z,0, 30, 187.42, 1890, 7000, 62;1, 32, 178.23, 1860, 7000, 58;2, 35, 141.53, 1875, 7000, 51;3, 0, 71.80, 1905, 7000, 35;
2026-09-22T04:00:56Z,0, 30, 188.27, 1875, 7000, 61;1, 31, 162.27, 1860, 7000, 58;2, 35, 163.64, 1875, 7000, 50;3, 0, 75.98, 1905, 7000, 35;
2026-09-22T04:00:57Z,0, 30, 172.09, 1890, 7000, 61;1, 31, 180.46, 1860, 7000, 57;2, 36, 171.50, 1875, 7000, 51;3, 0, 71.68, 1905, 7000, 35;
2026-09-22T04:00:58Z,0, 29, 172.29, 1875, 7000, 61;1, 32, 161.68, 1860, 7000, 58;2, 35, 142.09, 1875, 7000, 51;3, 0, 71.64, 1905, 7000, 35;
2026-09-22T04:00:59Z,0, 30, 170.15, 1890, 7000, 62;1, 31, 183.12, 1860, 7000, 58;2, 36, 163.16, 1875, 7000, 50;3, 0, 71.61, 1905, 7000, 35;
2026-09-22T04:01:00Z,0, 30, 174.60, 1875, 7000, 61;1, 32, 188.11, 1830, 7000, 58;2, 36, 168.62, 1875, 7000, 51;3, 0, 73.17, 1905, 7000, 35;
2026-09-22T04:01:01Z,0, 29, 194.47, 1890, 7000, 62;1, 32, 170.10, 1860, 7000, 58;2, 35, 156.93, 1875, 7000, 51;3, 0, 71.62, 1905, 7000, 35;
2026-09-22T04:01:03Z,0, 29, 190.49, 1890, 7000, 61;1, 31, 169.86, 1860, 7000, 58;2, 36, 171.11, 1860, 7000, 51;3, 0, 71.67, 1905, 7000, 35;
2026-09-22T04:01:04Z,0, 30, 169.49, 1890, 7000, 62;1, 32, 190.57, 1860, 7000, 58;2, 36, 134.99, 1875, 7000, 51;3, 0, 71.79, 1905, 7000, 35;
2026-09-22T04:01:05Z,0, 30, 178.18, 1890, 7000, 62;1, 31, 187.49, 1860, 7000, 58;2, 35, 145.97, 1875, 7000, 51;3, 0, 72.15, 1905, 7000, 35;
2026-09-22T04:01:06Z,0, 29, 193.24, 1890, 7000, 61;1, 32, 177.13, 1860, 7000, 57;2, 36, 157.32, 1875, 7000, 51;3, 0, 71.21, 1905, 7000, 35;
2026-09-22T04:01:07Z,0, 30, 189.40, 1875, 7000, 62;1, 31, 163.17, 1860, 7000, 58;2, 35, 166.56, 1875, 7000, 51;3, 0, 71.62, 1905, 7000, 35;
2026-09-22T04:01:08Z,0, 30, 181.04, 1890, 7000, 62;1, 31, 169.54, 1860, 7000, 58;2, 36, 168.76, 1875, 7000, 51;3, 0, 71.59, 1905, 7000, 35;
2026-09-22T04:01:09Z,0, 30, 181.67, 1890, 7000, 61;1, 32, 180.59, 1860, 7000, 58;2, 35, 169.08, 1875, 7000, 51;3, 0, 71.80, 1905, 7000, 35;
2026-09-22T04:01:10Z,0, 30, 117.27, 1875, 7000, 60;1, 31, 106.17, 1860, 7000, 55;2, 36, 68.36, 1875, 7000, 47;3, 0, 78.69, 1905, 7000, 36;
2026-09-22T04:01:11Z,0, 16, 185.89, 1890, 7000, 61;1, 20, 181.74, 1860, 7000, 57;2, 18, 156.98, 1875, 7000, 51;3, 0, 71.54, 1905, 7000, 35;
2026-09-22T04:01:12Z,0, 30, 186.77, 1890, 7000, 62;1, 32, 160.58, 1860, 7000, 58;2, 35, 133.71, 1875, 7000, 51;3, 0, 71.32, 1905, 7000, 35;
2026-09-22T04:01:13Z,0, 29, 189.21, 1860, 7000, 61;1, 31, 190.49, 1845, 7000, 58;2, 35, 152.92, 1875, 7000, 51;3, 0, 71.67, 1905, 7000, 35;
2026-09-22T04:01:14Z,0, 30, 183.63, 1890, 7000, 62;1, 32, 186.54, 1860, 7000, 58;2, 35, 137.08, 1875, 7000, 51;3, 0, 100.06, 1905, 7000, 35;
2026-09-22T04:01:16Z,0, 30, 187.07, 1875, 7000, 62;1, 32, 166.02, 1860, 7000, 58;2, 35, 165.91, 1875, 7000, 51;3, 0, 71.75, 1905, 7000, 35;
2026-09-22T04:01:17Z,0, 30, 177.74, 1890, 7000, 61;1, 31, 169.77, 1860, 7000, 57;2, 35, 153.14, 1860, 7000, 51;3, 0, 71.71, 1905, 7000, 35;
2026-09-22T04:01:18Z,0, 29, 164.91, 1860, 7000, 61;1, 32, 188.01, 1830, 7000, 58;2, 36, 137.06, 1875, 7000, 51;3, 0, 71.69, 1905, 7000, 35;
2026-09-22T04:01:19Z,0, 30, 192.34, 1890, 7000, 62;1, 32, 171.19, 1860, 7000, 58;2, 36, 153.97, 1875, 7000, 51;3, 0, 95.75, 1905, 7000, 35;
2026-09-22T04:01:20Z,0, 30, 162.69, 1890, 7000, 62;1, 31, 187.37, 1860, 7000, 58;2, 35, 166.36, 1875, 7000, 51;3, 0, 71.57, 1905, 7000, 35;
2026-09-22T04:01:21Z,0, 30, 189.31, 1890, 7000, 62;1, 31, 182.39, 1860, 7000, 57;2, 36, 168.11, 1875, 7000, 50;3, 0, 71.60, 1905, 7000, 35;
2026-09-22T04:01:22Z,0, 29, 186.57, 1890, 7000, 61;1, 32, 158.09, 1860, 7000, 58;2, 35, 155.92, 1875, 7000, 51;3, 0, 71.81, 1905, 7000, 35;
2026-09-22T04:01:23Z,0, 30, 187.80, 1860, 7000, 61;1, 32, 164.60, 1830, 7000, 57;2, 35, 139.25, 1875, 7000, 50;3, 0, 94.42, 1905, 7000, 35;
2026-09-22T04:01:24Z,0, 29, 170.01, 1890, 7000, 62;1, 31, 185.12, 1860, 7000, 58;2, 35, 147.39, 1875, 7000, 51;3, 0, 71.55, 1905, 7000, 35;
2026-09-22T04:01:25Z,0, 30, 186.80, 1890, 7000, 62;1, 31, 185.87, 1860, 7000, 58;2, 36, 156.33, 1875, 7000, 50;3, 0, 71.85, 1905, 7000, 35;
2026-09-22T04:01:26Z,0, 29, 186.63, 1860, 7000, 61;1, 32, 166.13, 1830, 7000, 58;2, 35, 157.77, 1875, 7000, 51;3, 0, 71.96, 1905, 7000, 35;
2026-09-22T04:01:28Z,0, 30, 193.91, 1890, 7000, 62;1, 31, 161.85, 1860, 7000, 58;2, 36, 142.33, 1875, 7000, 51;3, 0, 87.68, 1905, 7000, 35;
2026-09-22T04:01:29Z,0, 30, 182.55, 1890, 7000, 62;1, 32, 187.48, 1860, 7000, 58;2, 35, 138.29, 1875, 7000, 50;3, 0, 72.09, 1905, 7000, 35;
2026-09-22T04:01:30Z,0, 30, 186.54, 1875, 7000, 61;1, 32, 170.74, 1830, 7000, 58;2, 35, 142.64, 1875, 7000, 51;3, 0, 72.00, 1905, 7000, 35;
2026-09-22T04:01:31Z,0, 24, 117.26, 1890, 7000, 58;1, 31, 105.27, 1860, 7000, 55;2, 28, 69.54, 1875, 7000, 48;3, 0, 71.75, 1905, 7000, 35;
2026-09-22T04:01:32Z,0, 22, 181.95, 1890, 7000, 62;1, 17, 189.71, 1860, 7000, 58;2, 24, 160.45, 1875, 7000, 51;3, 0, 81.91, 1905, 7000, 35;
2026-09-22T04:01:33Z,0, 29, 190.48, 1890, 7000, 62;1, 32, 164.34, 1860, 7000, 58;2, 36, 134.77, 1875, 7000, 51;3, 0, 71.67, 1905, 7000, 35;
2026-09-22T04:01:34Z,0, 30, 186.96, 1860, 7000, 61;1, 31, 177.73, 1830, 7000, 57;2, 35, 154.13, 1875, 7000, 51;3, 0, 71.54, 1905, 7000, 35;
2026-09-22T04:01:35Z,0, 29, 176.69, 1890, 7000, 62;1, 32, 189.39, 1860, 7000, 58;2, 36, 169.90, 1875, 7000, 51;3, 0, 71.67, 1905, 7000, 35;
2026-09-22T04:01:36Z,0, 30, 186.23, 1890, 7000, 62;1, 32, 173.63, 1860, 7000, 58;2, 35, 171.10, 1875, 7000, 51;3, 0, 81.06, 1905, 7000, 35;
2026-09-22T04:01:37Z,0, 30, 189.28, 1890, 7000, 61;1, 31, 162.32, 1860, 7000, 57;2, 36, 148.91, 1875, 7000, 51;3, 0, 71.95, 1905, 7000, 35;
2026-09-22T04:01:38Z,0, 29, 166.02, 1890, 7000, 62;1, 32, 182.31, 1830, 7000, 58;2, 35, 138.68, 1875, 7000, 51;3, 0, 71.66, 1905, 7000, 35;
2026-09-22T04:01:40Z,0, 30, 180.79, 1890, 7000, 62;1, 31, 162.13, 1860, 7000, 58;2, 35, 147.91, 1875, 7000, 51;3, 0, 71.86, 1905, 7000, 35;
2026-09-22T04:01:41Z,0, 30, 165.46, 1890, 7000, 62;1, 32, 177.00, 1860, 7000, 58;2, 36, 150.68, 1875, 7000, 51;3, 0, 77.05, 1905, 7000, 35;
2026-09-22T04:01:42Z,0, 30, 172.99, 1890, 7000, 61;1, 32, 185.58, 1860, 7000, 57;2, 35, 143.88, 1875, 7000, 51;3, 0, 71.87, 1905, 7000, 35;
2026-09-22T04:01:43Z,0, 29, 188.55, 1890, 7000, 62;1, 31, 191.12, 1830, 7000, 58;2, 35, 138.88, 1875, 7000, 51;3, 0, 71.80, 1905, 7000, 35;
2026-09-22T04:01:44Z,0, 29, 178.31, 1860, 7000, 61;1, 32, 191.95, 1860, 7000, 58;2, 36, 145.23, 1875, 7000, 51;3, 0, 71.68, 1905, 7000, 35;
2026-09-22T04:01:45Z,0, 30, 164.34, 1890, 7000, 62;1, 31, 167.06, 1860, 7000, 58;2, 35, 139.96, 1875, 7000, 51;3, 0, 74.77, 1905, 7000, 35;
2026-09-22T04:01:46Z,0, 29, 172.91, 1890, 7000, 62;1, 32, 180.76, 1845, 7000, 57;2, 36, 171.51, 1875, 7000, 50;3, 0, 71.96, 1905, 7000, 35;
2026-09-22T04:01:47Z,0, 30, 183.88, 1860, 7000, 62;1, 31, 192.16, 1860, 7000, 58;2, 35, 170.52, 1875, 7000, 51;3, 0, 71.73, 1905, 7000, 35;
2026-09-22T04:01:48Z,0, 30, 194.65, 1890, 7000, 62;1, 31, 190.01, 1860, 7000, 58;2, 36, 159.35, 1875, 7000, 51;3, 0, 71.85, 1905, 7000, 35;
2026-09-22T04:01:49Z,0, 29, 189.19, 1875, 7000, 62;1, 32, 169.19, 1845, 7000, 57;2, 35, 148.98, 1875, 7000, 50;3, 0, 73.79, 1905, 7000, 35;
2026-09-22T04:01:50Z,0, 30, 184.22, 1890, 7000, 62;1, 31, 191.09, 1860, 7000, 58;2, 36, 143.50, 1875, 7000, 51;3, 0, 71.74, 1905, 7000, 35;
2026-09-22T04:01:51Z,0, 30, 118.79, 1890, 7000, 59;1, 32, 106.58, 1860, 7000, 56;2, 35, 105.93, 1875, 7000, 48;3, 0, 72.74, 1905, 7000, 35;
2026-09-22T04:01:53Z,0, 17, 188.30, 1860, 7000, 61;1, 23, 171.60, 1845, 7000, 57;2, 21, 169.93, 1860, 7000, 50;3, 0, 71.83, 1905, 7000, 35;
2026-09-22T04:01:54Z,0, 29, 167.88, 1890, 7000, 62;1, 32, 163.83, 1830, 7000, 58;2, 32, 153.54, 1875, 7000, 51;3, 0, 71.69, 1905, 7000, 35;
2026-09-22T04:01:55Z,0, 29, 189.20, 1890, 7000, 61;1, 31, 191.10, 1860, 7000, 57;2, 35, 167.17, 1875, 7000, 50;3, 0, 71.92, 1905, 7000, 35;
2026-09-22T04:01:56Z,0, 29, 192.11, 1860, 7000, 62;1, 32, 177.72, 1860, 7000, 58;2, 35, 146.80, 1875, 7000, 51;3, 0, 71.61, 1905, 7000, 35;
2026-09-22T04:01:57Z,0, 29, 168.00, 1890, 7000, 62;1, 32, 163.46, 1860, 7000, 58;2, 36, 138.60, 1875, 7000, 51;3, 0, 71.78, 1905, 7000, 35;
2026-09-22T04:01:58Z,0, 30, 174.26, 1875, 7000, 62;1, 31, 177.08, 1860, 7000, 57;2, 35, 161.70, 1860, 7000, 50;3, 0, 71.60, 1905, 7000, 35;
2026-09-22T04:01:59Z,0, 30, 195.23, 1890, 7000, 62;1, 32, 190.90, 1845, 7000, 57;2, 36, 149.87, 1875, 7000, 51;3, 0, 100.12, 1905, 7000, 35;
2026-09-22T04:02:00Z,0, 29, 172.26, 1875, 7000, 62;1, 32, 176.06, 1860, 7000, 58;2, 36, 138.66, 1875, 7000, 51;3, 0, 71.42, 1905, 7000, 35;
2026-09-22T04:02:01Z,0, 30, 194.42, 1890, 7000, 62;1, 31, 192.25, 1860, 7000, 57;2, 35, 152.32, 1875, 7000, 50;3, 0, 71.65, 1905, 7000, 35;
2026-09-22T04:02:02Z,0, 30, 180.02, 1860, 7000, 61;1, 32, 172.92, 1860, 7000, 57;2, 36, 169.05, 1875, 7000, 51;3, 0, 71.64, 1905, 7000, 35;
2026-09-22T04:02:03Z,0, 29, 170.29, 1890, 7000, 63;1, 32, 160.73, 1860, 7000, 58;2, 35, 138.52, 1875, 7000, 51;3, 0, 98.14, 1905, 7000, 35;
2026-09-22T04:02:05Z,0, 30, 184.29, 1890, 7000, 62;1, 31, 189.56, 1860, 7000, 58;2, 35, 149.79, 1875, 7000, 51;3, 0, 72.11, 1905, 7000, 35;
2026-09-22T04:02:06Z,0, 29, 194.76, 1890, 7000, 63;1, 31, 188.37, 1860, 7000, 58;2, 35, 142.75, 1875, 7000, 51;3, 0, 71.78, 1905, 7000, 35;
2026-09-22T04:02:07Z,0, 30, 189.37, 1860, 7000, 62;1, 32, 176.67, 1860, 7000, 57;2, 36, 136.10, 1875, 7000, 51;3, 0, 71.79, 1905, 7000, 35;
2026-09-22T04:02:08Z,0, 30, 175.06, 1890, 7000, 63;1, 32, 165.99, 1860, 7000, 58;2, 35, 143.00, 1875, 7000, 51;3, 0, 96.70, 1905, 7000, 35;
2026-09-22T04:02:09Z,0, 29, 167.92, 1875, 7000, 62;1, 31, 189.33, 1860, 7000, 58;2, 36, 163.03, 1875, 7000, 50;3, 0, 71.64, 1905, 7000, 35;
2026-09-22T04:02:10Z,0, 30, 187.94, 1860, 7000, 62;1, 32, 184.34, 1845, 7000, 57;2, 36, 158.93, 1875, 7000, 51;3, 0, 71.53, 1905, 7000, 35;
2026-09-22T04:02:11Z,0, 30, 176.19, 1890, 7000, 62;1, 31, 172.73, 1860, 7000, 58;2, 35, 155.05, 1875, 7000, 51;3, 0, 71.56, 1905, 7000, 35;
2026-09-22T04:02:12Z,0, 30, 169.04, 1875, 7000, 62;1, 32, 159.78, 1830, 7000, 57;2, 35, 145.64, 1875, 7000, 50;3, 0, 91.06, 1905, 7000, 35;
2026-09-22T04:02:13Z,0, 14, 189.72, 1875, 7000, 61;1, 16, 187.40, 1860, 7000, 57;2, 15, 160.11, 1875, 7000, 49;3, 0, 71.80, 1905, 7000, 35;
2026-09-22T04:02:14Z,0, 29, 181.85, 1890, 7000, 61;1, 30, 165.20, 1860, 7000, 57;2, 35, 165.70, 1875, 7000, 51;3, 0, 71.71, 1905, 7000, 35;
2026-09-22T04:02:15Z,0, 30, 167.95, 1875, 7000, 62;1, 31, 160.90, 1860, 7000, 58;2, 36, 160.63, 1875, 7000, 51;3, 0, 71.57, 1905, 7000, 35;
2026-09-22T04:02:17Z,0, 29, 195.07, 1890, 7000, 62;1, 31, 191.88, 1860, 7000, 57;2, 35, 151.83, 1875, 7000, 50;3, 0, 84.18, 1905, 7000, 35;
2026-09-22T04:02:18Z,0, 30, 184.13, 1890, 7000, 62;1, 31, 182.12, 1860, 7000, 57;2, 36, 136.40, 1875, 7000, 51;3, 0, 71.92, 1905, 7000, 35;
2026-09-22T04:02:19Z,0, 30, 168.23, 1875, 7000, 62;1, 32, 161.61, 1860, 7000, 58;2, 35, 154.01, 1875, 7000, 51;3, 0, 71.58, 1905, 7000, 35;
2026-09-22T04:02:20Z,0, 30, 184.99, 1890, 7000, 62;1, 32, 182.55, 1860, 7000, 58;2, 35, 171.10, 1875, 7000, 51;3, 0, 71.61, 1905, 7000, 35;
2026-09-22T04:02:21Z,0, 29, 168.21, 1875, 7000, 62;1, 32, 161.60, 1860, 7000, 57;2, 36, 164.40, 1875, 7000, 50;3, 0, 82.56, 1905, 7000, 35;
2026-09-22T04:02:22Z,0, 30, 182.45, 1890, 7000, 62;1, 32, 170.39, 1860, 7000, 57;2, 35, 154.54, 1875, 7000, 51;3, 0, 71.53, 1905, 7000, 35;
2026-09-22T04:02:23Z,0, 30, 187.74, 1875, 7000, 62;1, 31, 188.10, 1860, 7000, 58;2, 36, 165.84, 1875, 7000, 51;3, 0, 71.62, 1905, 7000, 35;
2026-09-22T04:02:24Z,0, 29, 181.12, 1890, 7000, 62;1, 31, 183.34, 1860, 7000, 58;2, 35, 167.35, 1875, 7000, 50;3, 0, 71.86, 1905, 7000, 35;
2026-09-22T04:02:25Z,0, 29, 189.29, 1890, 7000, 62;1, 32, 162.62, 1860, 7000, 57;2, 36, 156.78, 1875, 7000, 51;3, 0, 78.14, 1905, 7000, 35;
2026-09-22T04:02:26Z,0, 30, 192.02, 1890, 7000, 63;1, 31, 173.01, 1860, 7000, 58;2, 35, 166.77, 1875, 7000, 51;3, 0, 71.68, 1905, 7000, 35;
2026-09-22T04:02:27Z,0, 30, 187.15, 1875, 7000, 62;1, 32, 188.24, 1845, 7000, 57;2, 36, 169.05, 1875, 7000, 50;3, 0, 71.49, 1905, 7000, 35;
2026-09-22T04:02:28Z,0, 29, 189.96, 1890, 7000, 62;1, 31, 186.41, 1860, 7000, 57;2, 35, 143.22, 1875, 7000, 51;3, 0, 71.63, 1905, 7000, 35;
2026-09-22T04:02:30Z,0, 30, 180.95, 1890, 7000, 63;1, 32, 183.43, 1860, 7000, 58;2, 36, 150.90, 1875, 7000, 51;3, 0, 77.29, 1905, 7000, 35;
2026-09-22T04:02:31Z,0, 29, 163.47, 1875, 7000, 62;1, 32, 162.87, 1860, 7000, 57;2, 35, 160.09, 1875, 7000, 50;3, 0, 71.43, 1905, 7000, 35;
2026-09-22T04:02:32Z,0, 30, 189.65, 1890, 7000, 62;1, 31, 186.03, 1860, 7000, 57;2, 36, 160.62, 1875, 7000, 51;3, 0, 71.62, 1905, 7000, 35;
2026-09-22T04:02:33Z,0, 30, 184.20, 1890, 7000, 63;1, 32, 185.54, 1860, 7000, 58;2, 35, 169.13, 1875, 7000, 51;3, 0, 71.41, 1905, 7000, 35;
2026-09-22T04:02:34Z,0, 23, 182.57, 1890, 7000, 62;1, 18, 168.20, 1860, 7000, 58;2, 35, 143.74, 1875, 7000, 50;3, 0, 74.56, 1905, 7000, 35;
2026-09-22T04:02:35Z,0, 23, 187.32, 1890, 7000, 62;1, 32, 186.61, 1860, 7000, 57;2, 20, 141.19, 1875, 7000, 50;3, 0, 71.58, 1905, 7000, 35;
2026-09-22T04:02:36Z,0, 30, 186.75, 1860, 7000, 62;1, 31, 186.91, 1830, 7000, 57;2, 35, 162.37, 1875, 7000, 51;3, 0, 71.63, 1905, 7000, 35;
2026-09-22T04:02:37Z,0, 29, 180.55, 1890, 7000, 63;1, 32, 166.12, 1860, 7000, 58;2, 35, 170.30, 1875, 7000, 51;3, 0, 71.86, 1905, 7000, 35;
2026-09-22T04:02:38Z,0, 30, 187.66, 1890, 7000, 62;1, 32, 186.70, 1860, 7000, 58;2, 36, 157.84, 1875, 7000, 51;3, 0, 71.65, 1905, 7000, 35;
2026-09-22T04:02:39Z,0, 29, 183.27, 1875, 7000, 62;1, 31, 188.42, 1860, 7000, 57;2, 35, 139.04, 1875, 7000, 50;3, 0, 71.61, 1905, 7000, 35;
2026-09-22T04:02:40Z,0, 30, 164.29, 1890, 7000, 62;1, 31, 161.03, 1830, 7000, 57;2, 36, 140.74, 1875, 7000, 51;3, 0, 71.64, 1905, 7000, 35;
2026-09-22T04:02:42Z,0, 30, 184.81, 1860, 7000, 62;1, 32, 173.17, 1860, 7000, 58;2, 36, 152.87, 1875, 7000, 51;3, 0, 71.52, 1905, 7000, 35;
2026-09-22T04:02:43Z,0, 29, 164.65, 1890, 7000, 62;1, 32, 164.38, 1860, 7000, 58;2, 35, 137.46, 1875, 7000, 51;3, 0, 71.79, 1905, 7000, 35;
2026-09-22T04:02:44Z,0, 30, 184.34, 1875, 7000, 62;1, 31, 172.06, 1860, 7000, 57;2, 36, 143.24, 1875, 7000, 50;3, 0, 71.63, 1905, 7000, 35;
2026-09-22T04:02:45Z,0, 30, 194.09, 1890, 7000, 62;1, 32, 187.63, 1860, 7000, 57;2, 35, 153.92, 1875, 7000, 51;3, 0, 71.71, 1905, 7000, 35;
2026-09-22T04:02:46Z,0, 30, 172.13, 1875, 7000, 61;1, 32, 192.28, 1860, 7000, 57;2, 36, 163.10, 1875, 7000, 50;3, 0, 71.71, 1905, 7000, 35;
2026-09-22T04:02:47Z,0, 29, 164.65, 1890, 7000, 62;1, 31, 166.67, 1860, 7000, 58;2, 35, 140.28, 1875, 7000, 51;3, 0, 71.52, 1905, 7000, 35;
2026-09-22T04:02:48Z,0, 29, 176.56, 1890, 7000, 62;1, 31, 162.45, 1860, 7000, 57;2, 36, 170.31, 1875, 7000, 50;3, 0, 96.68, 1905, 7000, 35;
2026-09-22T04:02:49Z,0, 30, 183.94, 1860, 7000, 62;1, 32, 173.60, 1830, 7000, 58;2, 36, 156.51, 1875, 7000, 51;3, 0, 71.45, 1905, 7000, 35;
2026-09-22T04:02:50Z,0, 30, 191.34, 1890, 7000, 62;1, 31, 187.59, 1860, 7000, 58;2, 35, 147.01, 1875, 7000, 51;3, 0, 71.79, 1905, 7000, 35;
2026-09-22T04:02:51Z,0, 29, 192.14, 1890, 7000, 62;1, 32, 192.54, 1860, 7000, 57;2, 36, 139.61, 1875, 7000, 50;3, 0, 71.61, 1905, 7000, 35;
2026-09-22T04:02:52Z,0, 29, 183.54, 1875, 7000, 62;1, 32, 171.49, 1830, 7000, 57;2, 35, 139.53, 1875, 7000, 51;3, 0, 98.67, 1905, 7000, 35;
2026-09-22T04:02:54Z,0, 30, 193.26, 1890, 7000, 63;1, 31, 187.11, 1860, 7000, 58;2, 36, 142.35, 1875, 7000, 51;3, 0, 71.63, 1905, 7000, 35;
2026-09-22T04:02:55Z,0, 18, 165.01, 1890, 7000, 61;1, 22, 168.54, 1860, 7000, 57;2, 22, 123.10, 1875, 7000, 50;3, 0, 71.41, 1905, 7000, 35;
2026-09-22T04:02:56Z,0, 29, 176.57, 1875, 7000, 62;1, 28, 162.51, 1860, 7000, 57;2, 31, 141.69, 1875, 7000, 50;3, 0, 71.53, 1905, 7000, 35;
2026-09-22T04:02:57Z,0, 29, 170.19, 1890, 7000, 62;1, 31, 162.12, 1860, 7000, 58;2, 36, 137.45, 1875, 7000, 51;3, 0, 97.09, 1905, 7000, 35;
2026-09-22T04:02:58Z,0, 30, 170.46, 1890, 7000, 62;1, 32, 189.89, 1860, 7000, 58;2, 35, 144.32, 1875, 7000, 50;3, 0, 71.55, 1905, 7000, 35;
2026-09-22T04:02:59Z,0, 29, 173.85, 1875, 7000, 62;1, 31, 162.43, 1860, 7000, 57;2, 36, 161.63, 1875, 7000, 50;3, 0, 71.25, 1905, 7000, 35;
2026-09-22T04:03:00Z,0, 30, 192.01, 1890, 7000, 62;1, 32, 169.26, 1830, 7000, 57;2, 35, 170.71, 1875, 7000, 51;3, 0, 71.56, 1905, 7000, 35;
2026-09-22T04:03:01Z,0, 30, 187.99, 1875, 7000, 62;1, 31, 190.69, 1860, 7000, 58;2, 36, 142.65, 1875, 7000, 51;3, 0, 90.93, 1905, 7000, 35;
2026-09-22T04:03:02Z,0, 29, 169.70, 1890, 7000, 62;1, 31, 179.75, 1860, 7000, 58;2, 35, 162.90, 1875, 7000, 50;3, 0, 71.77, 1905, 7000, 35;
2026-09-22T04:03:03Z,0, 30, 190.47, 1875, 7000, 62;1, 32, 163.18, 1860, 7000, 57;2, 36, 170.68, 1875, 7000, 50;3, 0, 71.21, 1905, 7000, 35;
2026-09-22T04:03:04Z,0, 30, 167.50, 1890, 7000, 62;1, 31, 183.47, 1830, 7000, 57;2, 36, 161.51, 1875, 7000, 50;3, 0, 71.45, 1905, 7000, 35;
2026-09-22T04:03:06Z,0, 29, 172.11, 1860, 7000, 62;1, 31, 162.42, 1860, 7000, 58;2, 35, 149.18, 1875, 7000, 51;3, 0, 84.08, 1905, 7000, 35;
2026-09-22T04:03:07Z,0, 30, 194.36, 1890, 7000, 63;1, 32, 172.48, 1860, 7000, 58;2, 36, 138.59, 1875, 7000, 51;3, 0, 71.57, 1905, 7000, 35;
2026-09-22T04:03:08Z,0, 29, 178.14, 1860, 7000, 62;1, 31, 161.99, 1830, 7000, 57;2, 35, 146.37, 1875, 7000, 51;3, 0, 71.65, 1905, 7000, 35;
2026-09-22T04:03:09Z,0, 30, 170.33, 1890, 7000, 62;1, 32, 173.84, 1860, 7000, 58;2, 35, 160.98, 1875, 7000, 51;3, 0, 71.71, 1905, 7000, 35;
2026-09-22T04:03:10Z,0, 29, 170.52, 1890, 7000, 62;1, 31, 172.22, 1860, 7000, 57;2, 35, 164.22, 1875, 7000, 50;3, 0, 82.79, 1905, 7000, 35;
2026-09-22T04:03:11Z,0, 30, 170.75, 1875, 7000, 62;1, 32, 163.06, 1860, 7000, 58;2, 35, 171.13, 1875, 7000, 51;3, 0, 71.80, 1905, 7000, 35;
2026-09-22T04:03:12Z,0, 30, 191.04, 1890, 7000, 62;1, 32, 167.12, 1860, 7000, 57;2, 35, 168.16, 1875, 7000, 50;3, 0, 71.40, 1905, 7000, 35;
2026-09-22T04:03:13Z,0, 29, 196.24, 1890, 7000, 62;1, 31, 183.58, 1860, 7000, 57;2, 36, 166.73, 1875, 7000, 50;3, 0, 71.58, 1905, 7000, 35;
2026-09-22T04:03:14Z,0, 30, 169.05, 1875, 7000, 62;1, 32, 164.95, 1860, 7000, 58;2, 35, 142.87, 1875, 7000, 51;3, 0, 78.48, 1905, 7000, 35;
2026-09-22T04:03:15Z,0, 29, 172.79, 1875, 7000, 61;1, 17, 180.46, 1860, 7000, 57;2, 18, 149.65, 1875, 7000, 49;3, 0, 71.42, 1905, 7000, 35;
2026-09-22T04:03:16Z,0, 17, 175.29, 1890, 7000, 62;1, 32, 186.92, 1860, 7000, 57;2, 36, 162.70, 1875, 7000, 50;3, 0, 71.34, 1905, 7000, 35;
2026-09-22T04:03:18Z,0, 30, 166.79, 1875, 7000, 62;1, 32, 166.41, 1830, 7000, 57;2, 36, 144.71, 1875, 7000, 50;3, 0, 71.60, 1905, 7000, 35;
2026-09-22T04:03:19Z,0, 29, 176.35, 1890, 7000, 63;1, 31, 181.43, 1860, 7000, 57;2, 35, 165.88, 1875, 7000, 50;3, 0, 75.50, 1905, 7000, 35;
2026-09-22T04:03:20Z,0, 30, 187.87, 1890, 7000, 62;1, 32, 162.68, 1860, 7000, 57;2, 35, 151.26, 1875, 7000, 50;3, 0, 71.46, 1905, 7000, 35;
2026-09-22T04:03:21Z,0, 29, 175.79, 1890, 7000, 62;1, 31, 182.59, 1860, 7000, 57;2, 35, 169.36, 1875, 7000, 50;3, 0, 71.62, 1905, 7000, 35;
2026-09-22T04:03:22Z,0, 30, 170.23, 1875, 7000, 62;1, 32, 161.59, 1860, 7000, 58;2, 36, 165.55, 1875, 7000, 51;3, 0, 71.49, 1905, 7000, 35;
2026-09-22T04:03:23Z,0, 30, 195.85, 1890, 7000, 63;1, 32, 179.99, 1860, 7000, 57;2, 35, 152.33, 1875, 7000, 50;3, 0, 74.89, 1905, 7000, 35;
2026-09-22T04:03:24Z,0, 29, 181.12, 1890, 7000, 61;1, 31, 187.57, 1830, 7000, 57;2, 36, 132.99, 1875, 7000, 50;3, 0, 71.62, 1905, 7000, 35;
2026-09-22T04:03:25Z,0, 30, 195.32, 1875, 7000, 62;1, 31, 180.21, 1860, 7000, 58;2, 36, 147.82, 1875, 7000, 51;3, 0, 71.30, 1905, 7000, 35;
2026-09-22T04:03:26Z,0, 30, 181.57, 1890, 7000, 62;1, 32, 187.73, 1860, 7000, 58;2, 35, 153.74, 1875, 7000, 50;3, 0, 71.46, 1905, 7000, 35;
2026-09-22T04:03:27Z,0, 29, 166.87, 1875, 7000, 62;1, 31, 170.52, 1860, 7000, 57;2, 36, 135.05, 1875, 7000, 50;3, 0, 71.70, 1905, 7000, 35;
2026-09-22T04:03:28Z,0, 30, 178.09, 1890, 7000, 63;1, 31, 186.84, 1860, 7000, 58;2, 36, 157.20, 1875, 7000, 51;3, 0, 71.53, 1905, 7000, 35;
2026-09-22T04:03:29Z,0, 29, 164.31, 1875, 7000, 62;1, 31, 176.14, 1860, 7000, 57;2, 35, 148.18, 1860, 7000, 50;3, 0, 71.49, 1905, 7000, 35;
2026-09-22T04:03:31Z,0, 30, 184.46, 1890, 7000, 62;1, 32, 189.61, 1830, 7000, 57;2, 36, 135.43, 1875, 7000, 50;3, 0, 71.41, 1905, 7000, 35;
2026-09-22T04:03:32Z,0, 30, 178.12, 1890, 7000, 63;1, 31, 186.24, 1860, 7000, 58;2, 35, 132.62, 1875, 7000, 50;3, 0, 71.80, 1905, 7000, 35;
2026-09-22T04:03:33Z,0, 30, 163.76, 1875, 7000, 62;1, 32, 179.90, 1860, 7000, 57;2, 36, 170.16, 1875, 7000, 50;3, 0, 82.29, 1905, 7000, 35;
2026-09-22T04:03:34Z,0, 30, 184.18, 1890, 7000, 62;1, 32, 161.94, 1830, 7000, 57;2, 35, 164.54, 1875, 7000, 51;3, 0, 71.29, 1905, 7000, 35;
2026-09-22T04:03:35Z,0, 29, 180.08, 1890, 7000, 63;1, 31, 165.71, 1860, 7000, 58;2, 36, 155.43, 1875, 7000, 51;3, 0, 71.54, 1905, 7000, 35;
2026-09-22T04:03:36Z,0, 19, 116.83, 1845, 7000, 60;1, 28, 102.04, 1815, 7000, 56;2, 33, 114.87, 1860, 7000, 48;3, 0, 71.50, 1905, 7000, 35;
2026-09-22T04:03:37Z,0, 28, 187.59, 1875, 7000, 61;1, 21, 173.34, 1860, 7000, 57;2, 20, 162.38, 1860, 7000, 50;3, 0, 92.44, 1905, 7000, 35;
2026-09-22T04:03:38Z,0, 29, 179.56, 1890, 7000, 62;1, 31, 186.18, 1860, 7000, 57;2, 36, 136.95, 1875, 7000, 50;3, 0, 71.69, 1905, 7000, 35;
2026-09-22T04:03:39Z,0, 30, 186.01, 1890, 7000, 62;1, 32, 186.69, 1860, 7000, 57;2, 35, 149.08, 1875, 7000, 50;3, 0, 71.47, 1905, 7000, 35;
2026-09-22T04:03:40Z,0, 29, 163.99, 1860, 7000, 61;1, 31, 185.74, 1860, 7000, 57;2, 36, 137.17, 1875, 7000, 50;3, 0, 71.62, 1905, 7000, 35;
2026-09-22T04:03:41Z,0, 30, 189.36, 1890, 7000, 62;1, 31, 186.88, 1860, 7000, 57;2, 36, 147.96, 1875, 7000, 51;3, 0, 98.85, 1905, 7000, 35;
2026-09-22T04:03:43Z,0, 30, 163.33, 1890, 7000, 62;1, 31, 184.73, 1860, 7000, 58;2, 36, 158.29, 1875, 7000, 50;3, 0, 71.69, 1905, 7000, 35;
2026-09-22T04:03:44Z,0, 30, 186.91, 1890, 7000, 62;1, 31, 158.33, 1860, 7000, 56;2, 35, 167.43, 1875, 7000, 50;3, 0, 71.27, 1905, 7000, 35;
2026-09-22T04:03:45Z,0, 29, 168.37, 1890, 7000, 62;1, 32, 177.22, 1845, 7000, 57;2, 36, 146.55, 1875, 7000, 51;3, 0, 71.45, 1905, 7000, 35;
2026-09-22T04:03:46Z,0, 30, 188.23, 1875, 7000, 62;1, 32, 157.54, 1860, 7000, 58;2, 35, 161.03, 1875, 7000, 50;3, 0, 93.37, 1905, 7000, 35;
2026-09-22T04:03:47Z,0, 30, 193.18, 1890, 7000, 62;1, 31, 177.78, 1860, 7000, 57;2, 35, 169.04, 1875, 7000, 50;3, 0, 71.37, 1905, 7000, 35;
2026-09-22T04:03:48Z,0, 29, 164.88, 1860, 7000, 61;1, 32, 189.22, 1860, 7000, 57;2, 36, 162.38, 1875, 7000, 50;3, 0, 71.24, 1905, 7000, 35;
2026-09-22T04:03:49Z,0, 30, 180.85, 1875, 7000, 62;1, 31, 182.38, 1830, 7000, 56;2, 35, 169.28, 1875, 7000, 50;3, 0, 71.22, 1905, 7000, 35;
2026-09-22T04:03:50Z,0, 30, 187.71, 1875, 7000, 62;1, 32, 189.75, 1860, 7000, 57;2, 35, 138.54, 1875, 7000, 51;3, 0, 91.83, 1905, 7000, 35;
2026-09-22T04:03:51Z,0, 30, 192.09, 1890, 7000, 62;1, 31, 162.15, 1860, 7000, 57;2, 36, 138.98, 1875, 7000, 50;3, 0, 71.47, 1905, 7000, 35;
2026-09-22T04:03:52Z,0, 29, 192.51, 1890, 7000, 62;1, 32, 172.29, 1845, 7000, 57;2, 35, 140.78, 1875, 7000, 51;3, 0, 71.46, 1905, 7000, 35;
2026-09-22T04:03:53Z,0, 30, 169.08, 1875, 7000, 62;1, 32, 184.40, 1860, 7000, 57;2, 36, 149.45, 1875, 7000, 51;3, 0, 71.54, 1905, 7000, 35;
2026-09-22T04:03:54Z,0, 30, 192.01, 1890, 7000, 62;1, 31, 191.46, 1860, 7000, 57;2, 35, 152.35, 1875, 7000, 50;3, 0, 85.04, 1905, 7000, 35;
2026-09-22T04:03:56Z,0, 30, 192.01, 1875, 7000, 62;1, 32, 168.83, 1830, 7000, 57;2, 36, 166.00, 1875, 7000, 51;3, 0, 71.54, 1905, 7000, 35;
2026-09-22T04:03:57Z,0, 30, 158.50, 1890, 7000, 59;1, 19, 171.66, 1860, 7000, 55;2, 21, 122.80, 1875, 7000, 47;3, 0, 71.17, 1905, 7000, 35;
2026-09-22T04:03:58Z,0, 16, 179.66, 1875, 7000, 62;1, 30, 187.16, 1860, 7000, 57;2, 33, 147.82, 1875, 7000, 49;3, 0, 71.39, 1905, 7000, 35;
2026-09-22T04:03:59Z,0, 30, 193.12, 1890, 7000, 61;1, 32, 160.85, 1860, 7000, 57;2, 35, 168.16, 1875, 7000, 50;3, 0, 79.83, 1905, 7000, 35;
2026-09-22T04:04:00Z,0, 30, 169.30, 1890, 7000, 62;1, 31, 164.10, 1860, 7000, 57;2, 35, 146.85, 1875, 7000, 50;3, 0, 71.38, 1905, 7000, 35;
2026-09-22T04:04:01Z,0, 30, 175.97, 1875, 7000, 62;1, 32, 191.78, 1860, 7000, 57;2, 35, 168.57, 1875, 7000, 50;3, 0, 71.52, 1905, 7000, 35;
2026-09-22T04:04:02Z,0, 30, 191.42, 1890, 7000, 62;1, 31, 167.49, 1860, 7000, 57;2, 36, 138.02, 1875, 7000, 51;3, 0, 71.77, 1905, 7000, 35;
2026-09-22T04:04:03Z,0, 29, 182.29, 1875, 7000, 62;1, 32, 167.00, 1860, 7000, 58;2, 36, 148.95, 1875, 7000, 51;3, 0, 76.71, 1905, 7000, 35;
2026-09-22T04:04:04Z,0, 30, 168.54, 1890, 7000, 62;1, 32, 189.63, 1860, 7000, 57;2, 35, 170.53, 1875, 7000, 50;3, 0, 71.55, 1905, 7000, 35;
2026-09-22T04:04:05Z,0, 30, 181.73, 1860, 7000, 62;1, 31, 184.29, 1860, 7000, 57;2, 36, 170.32, 1875, 7000, 50;3, 0, 71.93, 1905, 7000, 35;
2026-09-22T04:04:06Z,0, 30, 168.56, 1890, 7000, 62;1, 31, 189.01, 1860, 7000, 57;2, 35, 153.32, 1875, 7000, 50;3, 0, 71.44, 1905, 7000, 35;
2026-09-22T04:04:08Z,0, 29, 184.63, 1875, 7000, 62;1, 32, 183.43, 1860, 7000, 57;2, 36, 138.75, 1875, 7000, 51;3, 0, 76.07, 1905, 7000, 35;
2026-09-22T04:04:09Z,0, 30, 195.20, 1890, 7000, 63;1, 31, 162.03, 1860, 7000, 58;2, 35, 140.11, 1875, 7000, 50;3, 0, 71.77, 1905, 7000, 35;
2026-09-22T04:04:10Z,0, 29, 195.62, 1890, 7000, 62;1, 31, 169.27, 1860, 7000, 57;2, 35, 166.80, 1875, 7000, 51;3, 0, 71.39, 1905, 7000, 35;
2026-09-22T04:04:11Z,0, 30, 171.39, 1875, 7000, 62;1, 31, 162.77, 1860, 7000, 57;2, 35, 170.68, 1875, 7000, 50;3, 0, 71.79, 1905, 7000, 35;
2026-09-22T04:04:12Z,0, 30, 180.25, 1860, 7000, 61;1, 32, 192.49, 1830, 7000, 57;2, 35, 170.67, 1875, 7000, 51;3, 0, 73.29, 1905, 7000, 35;
2026-09-22T04:04:13Z,0, 30, 194.37, 1890, 7000, 63;1, 31, 178.64, 1860, 7000, 57;2, 35, 167.71, 1875, 7000, 50;3, 0, 71.69, 1905, 7000, 35;
2026-09-22T04:04:14Z,0, 30, 188.99, 1875, 7000, 62;1, 32, 164.87, 1860, 7000, 57;2, 36, 162.83, 1875, 7000, 50;3, 0, 71.48, 1905, 7000, 35;
2026-09-22T04:04:15Z,0, 30, 183.10, 1890, 7000, 62;1, 31, 160.59, 1830, 7000, 57;2, 35, 148.87, 1875, 7000, 51;3, 0, 71.76, 1905, 7000, 35;
2026-09-22T04:04:16Z,0, 30, 194.61, 1890, 7000, 63;1, 31, 178.92, 1860, 7000, 57;2, 36, 158.57, 1875, 7000, 50;3, 0, 72.04, 1905, 7000, 35;
2026-09-22T04:04:17Z,0, 22, 150.82, 1845, 7000, 60;1, 32, 106.32, 1695, 7000, 56;2, 35, 67.70, 1800, 7000, 49;3, 0, 72.44, 1905, 7000, 35;
2026-09-22T04:04:18Z,0, 24, 170.05, 1890, 7000, 61;1, 17, 177.04, 1860, 7000, 56;2, 19, 159.58, 1875, 7000, 50;3, 0, 71.68, 1905, 7000, 35;
2026-09-22T04:04:20Z,0, 30, 180.36, 1890, 7000, 62;1, 31, 187.28, 1830, 7000, 57;2, 35, 143.08, 1875, 7000, 51;3, 0, 71.63, 1905, 7000, 35;
2026-09-22T04:04:21Z,0, 29, 187.76, 1860, 7000, 61;1, 31, 192.15, 1860, 7000, 57;2, 35, 149.40, 1875, 7000, 50;3, 0, 71.60, 1905, 7000, 35;
2026-09-22T04:04:22Z,0, 30, 173.46, 1890, 7000, 62;1, 31, 170.74, 1860, 7000, 57;2, 36, 167.67, 1875, 7000, 51;3, 0, 78.12, 1905, 7000, 35;
2026-09-22T04:04:23Z,0, 29, 168.51, 1875, 7000, 62;1, 32, 192.52, 1860, 7000, 57;2, 35, 170.09, 1875, 7000, 50;3, 0, 71.58, 1905, 7000, 35;
2026-09-22T04:04:24Z,0, 30, 189.51, 1890, 7000, 62;1, 31, 185.19, 1845, 7000, 56;2, 35, 166.55, 1875, 7000, 50;3, 0, 71.51, 1905, 7000, 35;
2026-09-22T04:04:25Z,0, 30, 167.99, 1860, 7000, 62;1, 32, 166.60, 1860, 7000, 57;2, 36, 153.85, 1875, 7000, 51;3, 0, 71.57, 1905, 7000, 35;
2026-09-22T04:04:26Z,0, 29, 190.36, 1890, 7000, 63;1, 32, 168.24, 1860, 7000, 57;2, 35, 136.96, 1875, 7000, 50;3, 0, 100.05, 1905, 7000, 35;
2026-09-22T04:04:27Z,0, 30, 187.69, 1875, 7000, 62;1, 31, 169.24, 1860, 7000, 57;2, 36, 168.24, 1875, 7000, 50;3, 0, 71.26, 1905, 7000, 35;
2026-09-22T04:04:28Z,0, 30, 173.95, 1890, 7000, 62;1, 32, 169.24, 1860, 7000, 56;2, 36, 153.17, 1875, 7000, 50;3, 0, 71.77, 1905, 7000, 35;
2026-09-22T04:04:29Z,0, 29, 173.57, 1890, 7000, 62;1, 32, 192.33, 1830, 7000, 57;2, 35, 134.85, 1875, 7000, 50;3, 0, 71.37, 1905, 7000, 35;
2026-09-22T04:04:30Z,0, 30, 195.98, 1860, 7000, 62;1, 31, 184.35, 1860, 7000, 57;2, 36, 155.08, 1875, 7000, 50;3, 0, 95.62, 1905, 7000, 35;
2026-09-22T04:04:31Z,0, 29, 183.92, 1890, 7000, 62;1, 32, 160.68, 1860, 7000, 57;2, 35, 148.20, 1875, 7000, 50;3, 0, 71.40, 1905, 7000, 35;
2026-09-22T04:04:33Z,0, 30, 177.62, 1890, 7000, 62;1, 31, 170.39, 1860, 7000, 57;2, 35, 166.60, 1860, 7000, 50;3, 0, 71.47, 1905, 7000, 35;
2026-09-22T04:04:34Z,0, 29, 163.80, 1875, 7000, 62;1, 32, 188.05, 1860, 7000, 57;2, 35, 163.53, 1875, 7000, 51;3, 0, 71.91, 1905, 7000, 35;
2026-09-22T04:04:35Z,0, 30, 185.03, 1890, 7000, 62;1, 32, 188.45, 1860, 7000, 57;2, 35, 168.20, 1875, 7000, 50;3, 0, 94.39, 1905, 7000, 35;
2026-09-22T04:04:36Z,0, 30, 182.23, 1890, 7000, 62;1, 31, 186.54, 1860, 7000, 57;2, 36, 167.07, 1875, 7000, 50;3, 0, 71.59, 1905, 7000, 35;
2026-09-22T04:04:37Z,0, 29, 167.96, 1875, 7000, 62;1, 32, 174.21, 1860, 7000, 58;2, 35, 162.94, 1875, 7000, 50;3, 0, 71.18, 1905, 7000, 35;
2026-09-22T04:04:38Z,0, 30, 117.15, 1890, 7000, 59;1, 22, 105.16, 1860, 7000, 55;2, 33, 68.65, 1875, 7000, 47;3, 0, 71.93, 1905, 7000, 35;
2026-09-22T04:04:39Z,0, 17, 167.66, 1860, 7000, 62;1, 26, 159.46, 1860, 7000, 57;2, 20, 133.19, 1875, 7000, 50;3, 0, 87.63, 1905, 7000, 35;
2026-09-22T04:04:40Z,0, 29, 181.45, 1890, 7000, 62;1, 32, 186.55, 1860, 7000, 57;2, 35, 144.75, 1875, 7000, 50;3, 0, 71.72, 1905, 7000, 35;
2026-09-22T04:04:41Z,0, 29, 186.56, 1860, 7000, 61;1, 31, 181.97, 1860, 7000, 57;2, 35, 134.63, 1875, 7000, 50;3, 0, 71.42, 1905, 7000, 35;
2026-09-22T04:04:42Z,0, 29, 182.09, 1890, 7000, 63;1, 32, 158.19, 1860, 7000, 57;2, 35, 147.48, 1875, 7000, 50;3, 0, 71.25, 1905, 7000, 35;
2026-09-22T04:04:43Z,0, 30, 164.99, 1890, 7000, 62;1, 31, 182.64, 1860, 7000, 57;2, 36, 161.85, 1875, 7000, 50;3, 0, 81.30, 1905, 7000, 35;
2026-09-22T04:04:45Z,0, 30, 190.72, 1890, 7000, 62;1, 31, 185.68, 1860, 7000, 56;2, 36, 168.74, 1875, 7000, 50;3, 0, 71.50, 1905, 7000, 35;
2026-09-22T04:04:46Z,0, 29, 163.85, 1890, 7000, 62;1, 32, 176.80, 1830, 7000, 57;2, 35, 146.88, 1875, 7000, 51;3, 0, 71.61, 1905, 7000, 35;
2026-09-22T04:04:47Z,0, 30, 189.57, 1875, 7000, 63;1, 32, 163.08, 1860, 7000, 57;2, 36, 160.83, 1875, 7000, 50;3, 0, 71.56, 1905, 7000, 35;
2026-09-22T04:04:48Z,0, 30, 187.19, 1890, 7000, 62;1, 31, 178.79, 1860, 7000, 57;2, 36, 168.06, 1875, 7000, 50;3, 0, 80.27, 1905, 7000, 35;
2026-09-22T04:04:49Z,0, 30, 180.59, 1875, 7000, 62;1, 32, 159.96, 1860, 7000, 56;2, 36, 168.02, 1875, 7000, 50;3, 0, 71.60, 1905, 7000, 35;
2026-09-22T04:04:50Z,0, 29, 168.17, 1890, 7000, 62;1, 32, 182.54, 1830, 7000, 57;2, 35, 150.33, 1875, 7000, 50;3, 0, 71.79, 1905, 7000, 35;
2026-09-22T04:04:51Z,0, 30, 163.84, 1860, 7000, 61;1, 32, 170.74, 1860, 7000, 57;2, 35, 170.38, 1875, 7000, 50;3, 0, 71.33, 1905, 7000, 35;
2026-09-22T04:04:52Z,0, 29, 192.86, 1890, 7000, 62;1, 31, 183.53, 1860, 7000, 57;2, 36, 146.57, 1875, 7000, 51;3, 0, 76.81, 1905, 7000, 35;
2026-09-22T04:04:53Z,0, 30, 175.65, 1875, 7000, 62;1, 32, 158.01, 1860, 7000, 57;2, 35, 153.54, 1875, 7000, 50;3, 0, 71.58, 1905, 7000, 35;
2026-09-22T04:04:54Z,0, 29, 163.10, 1890, 7000, 61;1, 31, 165.02, 1860, 7000, 57;2, 35, 154.88, 1875, 7000, 50;3, 0, 71.56, 1905, 7000, 35;
2026-09-22T04:04:55Z,0, 30, 166.25, 1890, 7000, 62;1, 31, 170.67, 1860, 7000, 57;2, 35, 154.90, 1875, 7000, 50;3, 0, 71.45, 1905, 7000, 35;
2026-09-22T04:04:57Z,0, 29, 191.94, 1890, 7000, 62;1, 32, 183.12, 1830, 7000, 56;2, 36, 167.86, 1875, 7000, 50;3, 0, 74.45, 1905, 7000, 35;
2026-09-22T04:04:58Z,0, 30, 170.89, 1875, 7000, 62;1, 31, 159.33, 1860, 7000, 57;2, 36, 135.26, 1875, 7000, 51;3, 0, 71.47, 1905, 7000, 35;
2026-09-22T04:04:59Z,0, 29, 117.59, 1890, 7000, 59;1, 32, 105.44, 1860, 7000, 55;2, 35, 68.54, 1875, 7000, 47;3, 0, 71.69, 1905, 7000, 35;
2026-09-22T04:05:00Z,0, 17, 186.81, 1890, 7000, 61;1, 18, 189.92, 1860, 7000, 57;2, 22, 167.93, 1875, 7000, 50;3, 0, 71.67, 1905, 7000, 35;
2026-09-22T04:05:01Z,0, 30, 179.92, 1875, 7000, 62;1, 31, 169.97, 1860, 7000, 57;2, 36, 170.11, 1875, 7000, 51;3, 0, 73.79, 1905, 7000, 35;
2026-09-22T04:05:02Z,0, 29, 174.65, 1890, 7000, 62;1, 32, 172.29, 1830, 7000, 56;2, 35, 170.15, 1875, 7000, 50;3, 0, 71.69, 1905, 7000, 35;
2026-09-22T04:05:03Z,0, 30, 186.27, 1890, 7000, 62;1, 31, 189.46, 1860, 7000, 57;2, 36, 139.49, 1875, 7000, 51;3, 0, 71.45, 1905, 7000, 35;
2026-09-22T04:05:04Z,0, 30, 187.46, 1875, 7000, 62;1, 32, 177.64, 1860, 7000, 57;2, 36, 152.55, 1875, 7000, 50;3, 0, 71.74, 1905, 7000, 35;
2026-09-22T04:05:05Z,0, 30, 166.98, 1890, 7000, 62;1, 31, 162.15, 1860, 7000, 57;2, 35, 168.05, 1875, 7000, 50;3, 0, 71.66, 1905, 7000, 35;
2026-09-22T04:05:06Z,0, 29, 186.53, 1860, 7000, 61;1, 31, 182.60, 1830, 7000, 56;2, 36, 168.76, 1860, 7000, 50;3, 0, 71.89, 1905, 7000, 35;
2026-09-22T04:05:07Z,0, 30, 167.17, 1890, 7000, 62;1, 32, 162.68, 1860, 7000, 57;2, 35, 149.54, 1875, 7000, 51;3, 0, 71.54, 1905, 7000, 35;
2026-09-22T04:05:08Z,0, 30, 180.88, 1875, 7000, 62;1, 32, 183.80, 1860, 7000, 57;2, 35, 138.67, 1875, 7000, 50;3, 0, 71.24, 1905, 7000, 35;
2026-09-22T04:05:10Z,0, 30, 195.75, 1890, 7000, 62;1, 31, 192.00, 1860, 7000, 57;2, 36, 164.59, 1875, 7000, 50;3, 0, 71.51, 1905, 7000, 35;
2026-09-22T04:05:11Z,0, 30, 178.07, 1860, 7000, 62;1, 32, 164.46, 1860, 7000, 57;2, 35, 149.18, 1875, 7000, 50;3, 0, 100.10, 1905, 7000, 35;
2026-09-22T04:05:12Z,0, 29, 175.79, 1875, 7000, 62;1, 32, 172.24, 1830, 7000, 56;2, 36, 171.19, 1875, 7000, 50;3, 0, 71.84, 1905, 7000, 35;
2026-09-22T04:05:13Z,0, 30, 185.89, 1890, 7000, 62;1, 31, 189.79, 1860, 7000, 57;2, 35, 159.24, 1875, 7000, 51;3, 0, 71.43, 1905, 7000, 35;
2026-09-22T04:05:14Z,0, 29, 196.50, 1890, 7000, 62;1, 32, 192.46, 1860, 7000, 57;2, 35, 151.23, 1875, 7000, 50;3, 0, 71.52, 1905, 7000, 35;
2026-09-22T04:05:15Z,0, 30, 185.85, 1860, 7000, 62;1, 31, 175.89, 1830, 7000, 57;2, 36, 157.75, 1875, 7000, 50;3, 0, 98.13, 1905, 7000, 35;
2026-09-22T04:05:16Z,0, 30, 184.02, 1890, 7000, 62;1, 32, 162.59, 1860, 7000, 58;2, 35, 167.91, 1875, 7000, 51;3, 0, 71.33, 1905, 7000, 35;
2026-09-22T04:05:17Z,0, 30, 195.13, 1890, 7000, 62;1, 31, 192.31, 1860, 7000, 57;2, 36, 170.52, 1875, 7000, 50;3, 0, 71.37, 1905, 7000, 35;
2026-09-22T04:05:18Z,0, 30, 184.35, 1860, 7000, 62;1, 32, 177.57, 1860, 7000, 57;2, 35, 170.63, 1875, 7000, 51;3, 0, 71.71, 1905, 7000, 35;
2026-09-22T04:05:19Z,0, 29, 118.34, 1890, 7000, 59;1, 28, 107.28, 1860, 7000, 55;2, 36, 71.11, 1875, 7000, 48;3, 0, 97.18, 1905, 7000, 35;
2026-09-22T04:05:20Z,0, 18, 182.60, 1875, 7000, 61;1, 19, 181.74, 1860, 7000, 57;2, 18, 137.52, 1875, 7000, 50;3, 0, 71.54, 1905, 7000, 35;
2026-09-22T04:05:22Z,0, 28, 169.59, 1890, 7000, 62;1, 32, 188.70, 1860, 7000, 57;2, 35, 164.83, 1875, 7000, 50;3, 0, 71.34, 1905, 7000, 35;
2026-09-22T04:05:23Z,0, 30, 169.66, 1890, 7000, 62;1, 31, 165.30, 1860, 7000, 57;2, 36, 170.24, 1875, 7000, 51;3, 0, 71.56, 1905, 7000, 35;
2026-09-22T04:05:24Z,0, 30, 175.73, 1875, 7000, 62;1, 32, 171.34, 1860, 7000, 57;2, 35, 163.37, 1875, 7000, 50;3, 0, 89.72, 1905, 7000, 35;
2026-09-22T04:05:25Z,0, 29, 195.22, 1890, 7000, 62;1, 31, 192.39, 1860, 7000, 57;2, 36, 151.20, 1875, 7000, 50;3, 0, 71.40, 1905, 7000, 35;
2026-09-22T04:05:26Z,0, 30, 176.80, 1875, 7000, 61;1, 31, 175.47, 1860, 7000, 56;2, 35, 136.89, 1875, 7000, 50;3, 0, 71.50, 1905, 7000, 35;
2026-09-22T04:05:27Z,0, 30, 196.03, 1890, 7000, 62;1, 32, 163.13, 1860, 7000, 57;2, 36, 140.51, 1875, 7000, 50;3, 0, 71.68, 1905, 7000, 35;
2026-09-22T04:05:28Z,0, 29, 187.81, 1875, 7000, 62;1, 31, 189.31, 1860, 7000, 57;2, 35, 159.36, 1875, 7000, 50;3, 0, 83.84, 1905, 7000, 35;
2026-09-22T04:05:29Z,0, 30, 170.59, 1890, 7000, 62;1, 31, 169.29, 1860, 7000, 56;2, 36, 143.45, 1875, 7000, 50;3, 0, 71.59, 1905, 7000, 35;
2026-09-22T04:05:30Z,0, 30, 174.88, 1860, 7000, 62;1, 32, 166.83, 1860, 7000, 57;2, 35, 139.44, 1860, 7000, 50;3, 0, 71.46, 1905, 7000, 35;
2026-09-22T04:05:31Z,0, 29, 195.34, 1890, 7000, 62;1, 32, 191.64, 1830, 7000, 57;2, 36, 161.68, 1875, 7000, 51;3, 0, 71.37, 1905, 7000, 35;
2026-09-22T04:05:32Z,0, 30, 180.50, 1890, 7000, 62;1, 32, 187.92, 1860, 7000, 57;2, 36, 144.12, 1875, 7000, 50;3, 0, 82.37, 1905, 7000, 35;
2026-09-22T04:05:34Z,0, 29, 171.23, 1875, 7000, 62;1, 31, 161.36, 1860, 7000, 57;2, 35, 151.57, 1875, 7000, 51;3, 0, 71.55, 1905, 7000, 35;
2026-09-22T04:05:35Z,0, 30, 171.36, 1875, 7000, 62;1, 32, 173.16, 1860, 7000, 57;2, 35, 155.00, 1875, 7000, 51;3, 0, 71.77, 1905, 7000, 35;
2026-09-22T04:05:36Z,0, 30, 192.27, 1890, 7000, 62;1, 32, 192.15, 1860, 7000, 56;2, 36, 149.88, 1875, 7000, 50;3, 0, 71.37, 1905, 7000, 35;
2026-09-22T04:05:37Z,0, 29, 170.11, 1860, 7000, 62;1, 31, 188.45, 1860, 7000, 57;2, 35, 137.23, 1875, 7000, 51;3, 0, 78.02, 1905, 7000, 35;
2026-09-22T04:05:38Z,0, 30, 174.32, 1890, 7000, 62;1, 32, 177.68, 1860, 7000, 57;2, 36, 140.67, 1875, 7000, 50;3, 0, 71.72, 1905, 7000, 35;
2026-09-22T04:05:39Z,0, 29, 195.51, 1890, 7000, 62;1, 31, 191.95, 1845, 7000, 56;2, 35, 149.43, 1875, 7000, 50;3, 0, 71.13, 1905, 7000, 35;
2026-09-22T04:05:40Z,0, 30, 187.36, 1875, 7000, 61;1, 32, 187.61, 1860, 7000, 56;2, 35, 138.28, 1875, 7000, 49;3, 0, 71.12, 1905, 7000, 35;
2026-09-22T04:05:41Z,0, 15, 193.88, 1890, 7000, 61;1, 17, 189.86, 1860, 7000, 56;2, 18, 168.48, 1875, 7000, 50;3, 0, 74.96, 1905, 7000, 35;
2026-09-22T04:05:42Z,0, 30, 168.39, 1890, 7000, 62;1, 30, 181.93, 1860, 7000, 57;2, 35, 168.76, 1875, 7000, 51;3, 0, 71.42, 1905, 7000, 35;
2026-09-22T04:05:43Z,0, 29, 164.23, 1860, 7000, 61;1, 32, 187.37, 1830, 7000, 57;2, 36, 167.46, 1860, 7000, 50;3, 0, 71.37, 1905, 7000, 35;
2026-09-22T04:05:44Z,0, 30, 193.17, 1890, 7000, 62;1, 31, 179.33, 1860, 7000, 57;2, 35, 166.31, 1875, 7000, 51;3, 0, 71.56, 1905, 7000, 35;
2026-09-22T04:05:45Z,0, 30, 185.52, 1890, 7000, 62;1, 32, 186.71, 1860, 7000, 57;2, 36, 150.32, 1875, 7000, 51;3, 0, 75.01, 1905, 7000, 35;
2026-09-22T04:05:47Z,0, 29, 167.32, 1875, 7000, 62;1, 32, 176.58, 1860, 7000, 56;2, 35, 165.15, 1875, 7000, 50;3, 0, 71.63, 1905, 7000, 35;
2026-09-22T04:05:48Z,0, 30, 185.16, 1890, 7000, 62;1, 32, 160.48, 1860, 7000, 57;2, 35, 165.59, 1875, 7000, 51;3, 0, 71.68, 1905, 7000, 35;
2026-09-22T04:05:49Z,0, 30, 167.40, 1875, 7000, 62;1, 31, 176.72, 1860, 7000, 57;2, 36, 144.65, 1875, 7000, 51;3, 0, 71.65, 1905, 7000, 35;
2026-09-22T04:05:50Z,0, 29, 181.42, 1890, 7000, 62;1, 31, 165.10, 1860, 7000, 57;2, 35, 136.22, 1875, 7000, 50;3, 0, 71.76, 1905, 7000, 35;
2026-09-22T04:05:51Z,0, 30, 187.79, 1860, 7000, 62;1, 32, 187.64, 1830, 7000, 56;2, 36, 151.52, 1875, 7000, 51;3, 0, 71.47, 1905, 7000, 35;
2026-09-22T04:05:52Z,0, 29, 178.43, 1890, 7000, 63;1, 32, 188.03, 1860, 7000, 57;2, 36, 147.83, 1875, 7000, 51;3, 0, 71.66, 1905, 7000, 35;
2026-09-22T04:05:53Z,0, 30, 169.90, 1890, 7000, 62;1, 31, 183.40, 1860, 7000, 57;2, 35, 138.16, 1875, 7000, 51;3, 0, 71.54, 1905, 7000, 35;
2026-09-22T04:05:54Z,0, 29, 187.61, 1890, 7000, 63;1, 32, 171.62, 1860, 7000, 57;2, 36, 159.00, 1875, 7000, 51;3, 0, 71.34, 1905, 7000, 35;
2026-09-22T04:05:55Z,0, 30, 187.42, 1875, 7000, 62;1, 31, 183.96, 1860, 7000, 57;2, 35, 145.25, 1875, 7000, 50;3, 0, 84.03, 1905, 7000, 35;
2026-09-22T04:05:56Z,0, 30, 192.57, 1890, 7000, 62;1, 32, 186.19, 1860, 7000, 56;2, 35, 141.42, 1875, 7000, 50;3, 0, 71.48, 1905, 7000, 35;
2026-09-22T04:05:57Z,0, 29, 186.63, 1860, 7000, 63;1, 31, 186.79, 1860, 7000, 57;2, 36, 133.51, 1875, 7000, 51;3, 0, 71.78, 1905, 7000, 35;
2026-09-22T04:05:59Z,0, 30, 186.94, 1890, 7000, 62;1, 32, 166.08, 1860, 7000, 57;2, 35, 170.27, 1875, 7000, 50;3, 0, 71.69, 1905, 7000, 35;
2026-09-22T04:06:00Z,0, 30, 189.31, 1890, 7000, 62;1, 32, 186.88, 1830, 7000, 56;2, 36, 170.65, 1875, 7000, 51;3, 0, 93.46, 1905, 7000, 35;
2026-09-22T04:06:01Z,0, 30, 187.65, 1890, 7000, 63;1, 32, 189.68, 1860, 7000, 57;2, 35, 170.07, 1875, 7000, 51;3, 0, 71.39, 1905, 7000, 35;
2026-09-22T04:06:02Z,0, 26, 183.77, 1890, 7000, 61;1, 15, 189.29, 1860, 7000, 56;2, 25, 165.39, 1875, 7000, 50;3, 0, 71.16, 1905, 7000, 35;
2026-09-22T04:06:03Z,0, 19, 186.94, 1890, 7000, 62;1, 32, 168.96, 1860, 7000, 57;2, 27, 146.98, 1875, 7000, 51;3, 0, 71.61, 1905, 7000, 35;
2026-09-22T04:06:04Z,0, 30, 186.26, 1860, 7000, 61;1, 32, 173.37, 1830, 7000, 56;2, 36, 138.75, 1875, 7000, 51;3, 0, 99.05, 1905, 7000, 35;
2026-09-22T04:06:05Z,0, 30, 191.18, 1890, 7000, 63;1, 31, 189.38, 1860, 7000, 57;2, 35, 155.78, 1875, 7000, 51;3, 0, 71.41, 1905, 7000, 35;
2026-09-22T04:06:06Z,0, 30, 163.72, 1890, 7000, 62;1, 32, 175.31, 1860, 7000, 57;2, 36, 166.38, 1875, 7000, 50;3, 0, 71.36, 1905, 7000, 35;
2026-09-22T04:06:07Z,0, 29, 193.31, 1890, 7000, 62;1, 31, 162.20, 1860, 7000, 56;2, 36, 165.84, 1860, 7000, 50;3, 0, 71.23, 1905, 7000, 35;
2026-09-22T04:06:08Z,0, 30, 162.97, 1890, 7000, 62;1, 32, 181.08, 1860, 7000, 57;2, 35, 145.97, 1875, 7000, 51;3, 0, 93.33, 1905, 7000, 35;
2026-09-22T04:06:09Z,0, 30, 183.03, 1875, 7000, 63;1, 32, 162.12, 1860, 7000, 57;2, 35, 140.41, 1875, 7000, 51;3, 0, 71.60, 1905, 7000, 35;
2026-09-22T04:06:10Z,0, 29, 192.93, 1890, 7000, 62;1, 31, 180.07, 1860, 7000, 57;2, 36, 156.19, 1875, 7000, 50;3, 0, 71.41, 1905, 7000, 35;
2026-09-22T04:06:12Z,0, 30, 178.69, 1875, 7000, 62;1, 31, 192.04, 1860, 7000, 56;2, 35, 141.47, 1875, 7000, 50;3, 0, 71.43, 1905, 7000, 35;
2026-09-22T04:06:13Z,0, 30, 191.60, 1890, 7000, 62;1, 32, 172.12, 1860, 7000, 57;2, 36, 139.20, 1875, 7000, 51;3, 0, 86.55, 1905, 7000, 35;
2026-09-22T04:06:14Z,0, 30, 176.86, 1875, 7000, 63;1, 31, 165.14, 1860, 7000, 57;2, 36, 152.88, 1875, 7000, 51;3, 0, 71.74, 1905, 7000, 35;
2026-09-22T04:06:15Z,0, 29, 196.34, 1890, 7000, 63;1, 31, 184.69, 1860, 7000, 57;2, 35, 138.95, 1875, 7000, 51;3, 0, 71.35, 1905, 7000, 35;
2026-09-22T04:06:16Z,0, 29, 174.47, 1875, 7000, 63;1, 31, 192.54, 1860, 7000, 57;2, 35, 170.76, 1875, 7000, 51;3, 0, 71.43, 1905, 7000, 35;
2026-09-22T04:06:17Z,0, 30, 193.94, 1890, 7000, 62;1, 32, 183.88, 1830, 7000, 57;2, 36, 170.83, 1875, 7000, 51;3, 0, 84.72, 1905, 7000, 35;
2026-09-22T04:06:18Z,0, 30, 196.30, 1860, 7000, 63;1, 31, 166.21, 1860, 7000, 57;2, 35, 158.01, 1875, 7000, 51;3, 0, 71.70, 1905, 7000, 35;
2026-09-22T04:06:19Z,0, 30, 171.76, 1875, 7000, 63;1, 32, 163.57, 1860, 7000, 57;2, 36, 151.85, 1875, 7000, 51;3, 0, 71.64, 1905, 7000, 35;
2026-09-22T04:06:20Z,0, 30, 170.95, 1890, 7000, 62;1, 31, 190.89, 1830, 7000, 56;2, 36, 145.10, 1875, 7000, 50;3, 0, 71.35, 1905, 7000, 35;
2026-09-22T04:06:21Z,0, 29, 174.53, 1860, 7000, 62;1, 31, 170.16, 1860, 7000, 57;2, 36, 139.52, 1875, 7000, 51;3, 0, 79.64, 1905, 7000, 35;
2026-09-22T04:06:22Z,0, 18, 169.49, 1890, 7000, 62;1, 27, 159.37, 1860, 7000, 57;2, 19, 142.95, 1875, 7000, 50;3, 0, 71.69, 1905, 7000, 35;
2026-09-22T04:06:24Z,0, 29, 179.06, 1875, 7000, 62;1, 22, 189.34, 1860, 7000, 57;2, 35, 142.38, 1875, 7000, 50;3, 0, 71.53, 1905, 7000, 35;
2026-09-22T04:06:25Z,0, 29, 174.22, 1860, 7000, 62;1, 31, 174.32, 1860, 7000, 57;2, 35, 137.98, 1875, 7000, 51;3, 0, 71.71, 1905, 7000, 35;
2026-09-22T04:06:26Z,0, 30, 193.06, 1890, 7000, 63;1, 31, 162.44, 1860, 7000, 57;2, 35, 142.74, 1875, 7000, 51;3, 0, 79.00, 1905, 7000, 35;
2026-09-22T04:06:27Z,0, 29, 178.72, 1875, 7000, 62;1, 31, 172.52, 1860, 7000, 57;2, 35, 139.05, 1875, 7000, 51;3, 0, 71.58, 1905, 7000, 35;
2026-09-22T04:06:28Z,0, 30, 171.14, 1890, 7000, 62;1, 32, 192.06, 1860, 7000, 57;2, 36, 161.68, 1875, 7000, 50;3, 0, 72.01, 1905, 7000, 35;
2026-09-22T04:06:29Z,0, 30, 181.44, 1860, 7000, 62;1, 31, 173.85, 1860, 7000, 57;2, 36, 170.65, 1875, 7000, 51;3, 0, 71.35, 1905, 7000, 35;
2026-09-22T04:06:30Z,0, 30, 170.96, 1890, 7000, 63;1, 32, 162.18, 1860, 7000, 57;2, 35, 141.27, 1875, 7000, 51;3, 0, 75.81, 1905, 7000, 35;
2026-09-22T04:06:31Z,0, 29, 183.74, 1890, 7000, 63;1, 32, 174.70, 1860, 7000, 57;2, 36, 162.44, 1875, 7000, 51;3, 0, 71.76, 1905, 7000, 35;
2026-09-22T04:06:32Z,0, 30, 196.91, 1890, 7000, 62;1, 31, 165.22, 1860, 7000, 57;2, 35, 171.00, 1875, 7000, 51;3, 0, 71.69, 1905, 7000, 36;
2026-09-22T04:06:33Z,0, 29, 172.94, 1860, 7000, 62;1, 32, 173.48, 1860, 7000, 57;2, 36, 165.22, 1875, 7000, 51;3, 0, 71.62, 1905, 7000, 35;
2026-09-22T04:06:34Z,0, 30, 196.12, 1890, 7000, 63;1, 32, 190.50, 1860, 7000, 58;2, 35, 149.99, 1875, 7000, 51;3, 0, 72.90, 1905, 7000, 35;
2026-09-22T04:06:36Z,0, 29, 188.01, 1890, 7000, 63;1, 31, 181.06, 1860, 7000, 57;2, 35, 135.85, 1875, 7000, 51;3, 0, 71.70, 1905, 7000, 35;
2026-09-22T04:06:37Z,0, 30, 196.87, 1890, 7000, 63;1, 32, 166.55, 1860, 7000, 57;2, 35, 144.15, 1875, 7000, 51;3, 0, 71.52, 1905, 7000, 35;
2026-09-22T04:06:38Z,0, 30, 180.72, 1875, 7000, 63;1, 31, 166.01, 1860, 7000, 57;2, 36, 151.39, 1875, 7000, 51;3, 0, 71.75, 1905, 7000, 36;
2026-09-22T04:06:39Z,0, 30, 174.65, 1890, 7000, 62;1, 32, 185.33, 1860, 7000, 57;2, 35, 163.36, 1875, 7000, 51;3, 0, 71.88, 1905, 7000, 35;
2026-09-22T04:06:40Z,0, 30, 193.69, 1860, 7000, 63;1, 31, 188.83, 1860, 7000, 57;2, 36, 170.44, 1875, 7000, 51;3, 0, 71.83, 1905, 7000, 36;
2026-09-22T04:06:41Z,0, 29, 179.38, 1890, 7000, 63;1, 32, 180.13, 1860, 7000, 57;2, 35, 166.28, 1875, 7000, 51;3, 0, 71.61, 1905, 7000, 35;
2026-09-22T04:06:42Z,0, 30, 175.73, 1890, 7000, 62;1, 31, 188.30, 1860, 7000, 57;2, 36, 160.77, 1875, 7000, 51;3, 0, 71.66, 1905, 7000, 36;
2026-09-22T04:06:43Z,0, 30, 162.58, 1890, 7000, 61;1, 19, 151.94, 1860, 7000, 56;2, 35, 116.12, 1875, 7000, 50;3, 0, 71.54, 1905, 7000, 35;
2026-09-22T04:06:44Z,0, 17, 166.83, 1875, 7000, 63;1, 31, 159.31, 1860, 7000, 57;2, 19, 164.50, 1875, 7000, 51;3, 0, 77.45, 1905, 7000, 35;
2026-09-22T04:06:45Z,0, 30, 171.88, 1860, 7000, 62;1, 32, 162.14, 1830, 7000, 57;2, 36, 147.74, 1860, 7000, 51;3, 0, 71.55, 1905, 7000, 35;
2026-09-22T04:06:46Z,0, 29, 186.87, 1890, 7000, 63;1, 31, 180.06, 1860, 7000, 57;2, 36, 163.25, 1875, 7000, 51;3, 0, 71.61, 1905, 7000, 36;
2026-09-22T04:06:48Z,0, 30, 188.48, 1875, 7000, 63;1, 32, 160.03, 1860, 7000, 57;2, 35, 149.24, 1875, 7000, 51;3, 0, 71.41, 1905, 7000, 35;
2026-09-22T04:06:49Z,0, 30, 177.10, 1890, 7000, 63;1, 31, 186.87, 1860, 7000, 57;2, 36, 166.23, 1875, 7000, 51;3, 0, 100.13, 1905, 7000, 36;
2026-09-22T04:06:50Z,0, 29, 187.68, 1875, 7000, 62;1, 32, 185.77, 1860, 7000, 57;2, 35, 164.18, 1875, 7000, 51;3, 0, 71.39, 1905, 7000, 36;
2026-09-22T04:06:51Z,0, 30, 176.18, 1890, 7000, 63;1, 32, 170.95, 1860, 7000, 58;2, 35, 149.95, 1875, 7000, 51;3, 0, 71.94, 1905, 7000, 35;
2026-09-22T04:06:52Z,0, 30, 177.43, 1890, 7000, 63;1, 31, 185.25, 1860, 7000, 57;2, 36, 135.13, 1875, 7000, 50;3, 0, 71.75, 1905, 7000, 35;
2026-09-22T04:06:53Z,0, 30, 189.79, 1860, 7000, 62;1, 31, 169.80, 1830, 7000, 57;2, 35, 157.02, 1875, 7000, 51;3, 0, 96.03, 1905, 7000, 36;
2026-09-22T04:06:54Z,0, 29, 183.32, 1890, 7000, 63;1, 32, 166.41, 1860, 7000, 58;2, 36, 140.09, 1875, 7000, 51;3, 0, 71.76, 1905, 7000, 36;
2026-09-22T04:06:55Z,0, 30, 188.13, 1875, 7000, 63;1, 31, 187.80, 1860, 7000, 57;2, 36, 142.26, 1875, 7000, 51;3, 0, 71.81, 1905, 7000, 36;
2026-09-22T04:06:56Z,0, 29, 197.92, 1860, 7000, 63;1, 32, 183.07, 1860, 7000, 58;2, 35, 149.20, 1875, 7000, 51;3, 0, 71.73, 1905, 7000, 35;
2026-09-22T04:06:57Z,0, 30, 188.19, 1875, 7000, 63;1, 31, 160.39, 1860, 7000, 57;2, 35, 137.19, 1875, 7000, 51;3, 0, 94.30, 1905, 7000, 36;
2026-09-22T04:06:58Z,0, 30, 188.70, 1890, 7000, 63;1, 32, 167.61, 1860, 7000, 57;2, 36, 137.31, 1875, 7000, 51;3, 0, 71.86, 1905, 7000, 35;
2026-09-22T04:06:59Z,0, 29, 193.37, 1860, 7000, 63;1, 32, 183.24, 1845, 7000, 57;2, 35, 146.01, 1875, 7000, 52;3, 0, 71.56, 1905, 7000, 36;
2026-09-22T04:07:01Z,0, 30, 187.08, 1890, 7000, 63;1, 31, 186.60, 1860, 7000, 57;2, 36, 165.46, 1875, 7000, 51;3, 0, 71.86, 1905, 7000, 36;
2026-09-22T04:07:02Z,0, 29, 187.60, 1890, 7000, 63;1, 32, 188.42, 1860, 7000, 57;2, 35, 157.44, 1875, 7000, 51;3, 0, 87.64, 1905, 7000, 36;
2026-09-22T04:07:03Z,0, 30, 165.01, 1875, 7000, 63;1, 31, 179.88, 1830, 7000, 57;2, 36, 142.55, 1875, 7000, 51;3, 0, 71.57, 1905, 7000, 36;
2026-09-22T04:07:04Z,0, 20, 117.66, 1890, 7000, 60;1, 32, 102.02, 1860, 7000, 55;2, 25, 64.95, 1875, 7000, 47;3, 0, 72.00, 1905, 7000, 36;
2026-09-22T04:07:05Z,0, 25, 165.83, 1860, 7000, 62;1, 17, 172.75, 1830, 7000, 57;2, 27, 156.11, 1875, 7000, 51;3, 0, 71.76, 1905, 7000, 35;
2026-09-22T04:07:06Z,0, 30, 185.28, 1890, 7000, 63;1, 31, 165.08, 1860, 7000, 58;2, 36, 141.98, 1875, 7000, 51;3, 0, 81.76, 1905, 7000, 36;
2026-09-22T04:07:07Z,0, 29, 172.39, 1890, 7000, 62;1, 31, 185.68, 1860, 7000, 57;2, 35, 158.94, 1875, 7000, 51;3, 0, 71.59, 1905, 7000, 36;
2026-09-22T04:07:08Z,0, 30, 188.64, 1875, 7000, 63;1, 31, 184.49, 1860, 7000, 58;2, 35, 139.11, 1875, 7000, 51;3, 0, 71.61, 1905, 7000, 36;
2026-09-22T04:07:09Z,0, 30, 176.19, 1890, 7000, 63;1, 32, 159.74, 1860, 7000, 58;2, 36, 145.50, 1875, 7000, 51;3, 0, 71.58, 1905, 7000, 36;
2026-09-22T04:07:10Z,0, 29, 187.04, 1875, 7000, 63;1, 32, 177.25, 1860, 7000, 57;2, 36, 158.47, 1875, 7000, 51;3, 0, 80.32, 1905, 7000, 35;
2026-09-22T04:07:11Z,0, 30, 193.85, 1890, 7000, 62;1, 31, 188.74, 1860, 7000, 57;2, 35, 167.14, 1875, 7000, 51;3, 0, 71.51, 1905, 7000, 36;
2026-09-22T04:07:13Z,0, 30, 164.22, 1890, 7000, 63;1, 32, 174.95, 1830, 7000, 57;2, 35, 142.88, 1875, 7000, 51;3, 0, 71.51, 1905, 7000, 35;
2026-09-22T04:07:14Z,0, 30, 184.32, 1875, 7000, 63;1, 32, 189.58, 1860, 7000, 58;2, 35, 156.59, 1875, 7000, 51;3, 0, 71.28, 1905, 7000, 36;
2026-09-22T04:07:15Z,0, 30, 164.93, 1890, 7000, 63;1, 31, 177.53, 1860, 7000, 57;2, 36, 169.29, 1875, 7000, 51;3, 0, 77.24, 1905, 7000, 36;
2026-09-22T04:07:16Z,0, 30, 184.60, 1875, 7000, 63;1, 32, 161.54, 1860, 7000, 57;2, 35, 167.70, 1875, 7000, 51;3, 0, 71.55, 1905, 7000, 36;
2026-09-22T04:07:17Z,0, 29, 178.16, 1890, 7000, 64;1, 31, 166.32, 1860, 7000, 58;2, 36, 169.09, 1875, 7000, 51;3, 0, 71.75, 1905, 7000, 36;
2026-09-22T04:07:18Z,0, 30, 186.99, 1875, 7000, 63;1, 32, 163.19, 1860, 7000, 57;2, 35, 171.10, 1875, 7000, 51;3, 0, 71.75, 1905, 7000, 36;
2026-09-22T04:07:19Z,0, 29, 195.53, 1890, 7000, 63;1, 32, 188.21, 1830, 7000, 57;2, 36, 142.82, 1875, 7000, 52;3, 0, 74.86, 1905, 7000, 36;
2026-09-22T04:07:20Z,0, 30, 180.06, 1875, 7000, 63;1, 31, 167.59, 1860, 7000, 58;2, 35, 146.59, 1875, 7000, 51;3, 0, 71.77, 1905, 7000, 36;
2026-09-22T04:07:21Z,0, 29, 188.06, 1875, 7000, 62;1, 32, 162.91, 1860, 7000, 57;2, 36, 159.79, 1875, 7000, 51;3, 0, 71.71, 1905, 7000, 36;
2026-09-22T04:07:22Z,0, 30, 197.03, 1890, 7000, 63;1, 32, 172.49, 1860, 7000, 58;2, 35, 170.55, 1875, 7000, 52;3, 0, 71.86, 1905, 7000, 36;
2026-09-22T04:07:23Z,0, 30, 178.23, 1875, 7000, 63;1, 32, 167.12, 1860, 7000, 57;2, 36, 171.53, 1875, 7000, 51;3, 0, 73.59, 1905, 7000, 36;
2026-09-22T04:07:25Z,0, 29, 125.53, 1875, 7000, 60;1, 21, 119.35, 1785, 7000, 55;2, 35, 68.68, 1845, 7000, 49;3, 0, 71.67, 1905, 7000, 36;
2026-09-22T04:07:26Z,0, 17, 195.68, 1875, 7000, 63;1, 28, 177.21, 1860, 7000, 57;2, 20, 151.84, 1875, 7000, 51;3, 0, 71.62, 1905, 7000, 36;
2026-09-22T04:07:27Z,0, 30, 165.89, 1890, 7000, 63;1, 32, 192.25, 1860, 7000, 57;2, 35, 170.50, 1875, 7000, 51;3, 0, 71.73, 1905, 7000, 36;
2026-09-22T04:07:28Z,0, 30, 170.24, 1875, 7000, 63;1, 31, 190.47, 1860, 7000, 57;2, 35, 156.60, 1875, 7000, 51;3, 0, 71.48, 1905, 7000, 36;
2026-09-22T04:07:29Z,0, 29, 174.54, 1875, 7000, 63;1, 32, 166.74, 1860, 7000, 58;2, 35, 170.80, 1875, 7000, 51;3, 0, 71.60, 1905, 7000, 36;
2026-09-22T04:07:30Z,0, 30, 168.52, 1890, 7000, 63;1, 31, 189.73, 1860, 7000, 57;2, 36, 161.41, 1875, 7000, 51;3, 0, 71.86, 1905, 7000, 36;
2026-09-22T04:07:31Z,0, 30, 174.71, 1875, 7000, 63;1, 32, 189.12, 1860, 7000, 57;2, 35, 150.89, 1875, 7000, 50;3, 0, 71.92, 1905, 7000, 36;
2026-09-22T04:07:32Z,0, 30, 191.78, 1890, 7000, 63;1, 32, 164.53, 1860, 7000, 57;2, 36, 171.08, 1875, 7000, 51;3, 0, 71.56, 1905, 7000, 36;
2026-09-22T04:07:33Z,0, 29, 183.76, 1875, 7000, 63;1, 31, 168.26, 1860, 7000, 58;2, 36, 165.65, 1875, 7000, 51;3, 0, 100.22, 1905, 7000, 36;
2026-09-22T04:07:34Z,0, 30, 172.34, 1890, 7000, 63;1, 32, 167.32, 1860, 7000, 57;2, 35, 151.51, 1875, 7000, 50;3, 0, 71.85, 1905, 7000, 36;
2026-09-22T04:07:35Z,0, 30, 183.87, 1860, 7000, 63;1, 32, 169.45, 1830, 7000, 57;2, 36, 139.23, 1875, 7000, 51;3, 0, 71.79, 1905, 7000, 36;
2026-09-22T04:07:36Z,0, 29, 171.45, 1890, 7000, 64;1, 31, 191.56, 1860, 7000, 58;2, 35, 146.51, 1875, 7000, 51;3, 0, 71.64, 1905, 7000, 36;
2026-09-22T04:07:38Z,0, 30, 188.15, 1860, 7000, 63;1, 31, 162.85, 1830, 7000, 57;2, 36, 150.54, 1875, 7000, 51;3, 0, 100.00, 1905, 7000, 36;
2026-09-22T04:07:39Z,0, 29, 173.24, 1890, 7000, 63;1, 32, 175.73, 1860, 7000, 58;2, 35, 159.66, 1875, 7000, 51;3, 0, 71.76, 1905, 7000, 36;
2026-09-22T04:07:40Z,0, 30, 172.34, 1890, 7000, 63;1, 32, 165.18, 1860, 7000, 57;2, 35, 171.21, 1875, 7000, 51;3, 0, 71.56, 1905, 7000, 36;
2026-09-22T04:07:41Z,0, 29, 185.96, 1875, 7000, 63;1, 31, 166.72, 1860, 7000, 58;2, 36, 171.45, 1875, 7000, 51;3, 0, 71.79, 1905, 7000, 36;
2026-09-22T04:07:42Z,0, 30, 175.55, 1890, 7000, 63;1, 32, 179.60, 1860, 7000, 57;2, 35, 168.84, 1875, 7000, 51;3, 0, 96.56, 1905, 7000, 36;
2026-09-22T04:07:43Z,0, 29, 171.00, 1875, 7000, 63;1, 31, 167.59, 1860, 7000, 58;2, 36, 135.38, 1875, 7000, 51;3, 0, 71.75, 1905, 7000, 36;
2026-09-22T04:07:44Z,0, 30, 186.51, 1875, 7000, 63;1, 32, 161.05, 1860, 7000, 58;2, 35, 143.89, 1875, 7000, 51;3, 0, 71.81, 1905, 7000, 36;
2026-09-22T04:07:45Z,0, 27, 117.81, 1890, 7000, 59;1, 32, 105.50, 1860, 7000, 55;2, 36, 66.89, 1875, 7000, 47;3, 0, 71.74, 1905, 7000, 36;
2026-09-22T04:07:46Z,0, 18, 175.37, 1860, 7000, 62;1, 16, 187.49, 1830, 7000, 57;2, 17, 164.04, 1875, 7000, 51;3, 0, 90.29, 1905, 7000, 36;
2026-09-22T04:07:47Z,0, 30, 196.99, 1890, 7000, 63;1, 31, 170.37, 1860, 7000, 58;2, 36, 156.25, 1875, 7000, 51;3, 0, 71.63, 1905, 7000, 36;
2026-09-22T04:07:48Z,0, 29, 196.11, 1890, 7000, 63;1, 32, 173.36, 1860, 7000, 57;2, 35, 166.87, 1860, 7000, 51;3, 0, 71.83, 1905, 7000, 36;
2026-09-22T04:07:50Z,0, 30, 167.83, 1875, 7000, 63;1, 31, 189.39, 1860, 7000, 57;2, 36, 156.16, 1875, 7000, 51;3, 0, 71.49, 1905, 7000, 36;
2026-09-22T04:07:51Z,0, 30, 195.60, 1890, 7000, 64;1, 31, 175.45, 1860, 7000, 58;2, 36, 170.25, 1875, 7000, 51;3, 0, 88.85, 1905, 7000, 36;
2026-09-22T04:07:52Z,0, 29, 181.77, 1890, 7000, 63;1, 31, 159.64, 1860, 7000, 57;2, 35, 165.12, 1875, 7000, 50;3, 0, 71.75, 1905, 7000, 36;
2026-09-22T04:07:53Z,0, 30, 170.80, 1890, 7000, 63;1, 32, 179.37, 1860, 7000, 57;2, 35, 155.30, 1875, 7000, 51;3, 0, 71.38, 1905, 7000, 36;
2026-09-22T04:07:54Z,0, 30, 178.60, 1890, 7000, 63;1, 31, 187.79, 1830, 7000, 57;2, 35, 133.76, 1875, 7000, 51;3, 0, 71.71, 1905, 7000, 36;
2026-09-22T04:07:55Z,0, 29, 171.63, 1860, 7000, 63;1, 31, 182.04, 1860, 7000, 58;2, 36, 145.03, 1875, 7000, 51;3, 0, 82.42, 1905, 7000, 36;
2026-09-22T04:07:56Z,0, 30, 182.34, 1890, 7000, 63;1, 32, 187.16, 1860, 7000, 58;2, 35, 159.14, 1875, 7000, 51;3, 0, 71.31, 1905, 7000, 36;
2026-09-22T04:07:57Z,0, 30, 190.25, 1875, 7000, 63;1, 32, 170.97, 1860, 7000, 57;2, 36, 136.90, 1875, 7000, 50;3, 0, 71.61, 1905, 7000, 36;
2026-09-22T04:07:58Z,0, 29, 197.31, 1875, 7000, 64;1, 31, 182.37, 1860, 7000, 58;2, 35, 160.91, 1875, 7000, 51;3, 0, 71.60, 1905, 7000, 36;
2026-09-22T04:07:59Z,0, 30, 187.67, 1875, 7000, 63;1, 32, 167.79, 1860, 7000, 57;2, 36, 152.88, 1875, 7000, 50;3, 0, 78.46, 1905, 7000, 36;
2026-09-22T04:08:00Z,0, 29, 182.47, 1890, 7000, 63;1, 31, 187.17, 1830, 7000, 57;2, 35, 139.43, 1875, 7000, 51;3, 0, 71.72, 1905, 7000, 36;
2026-09-22T04:08:02Z,0, 30, 197.92, 1860, 7000, 63;1, 32, 184.64, 1860, 7000, 58;2, 36, 133.09, 1875, 7000, 51;3, 0, 71.55, 1905, 7000, 36;
2026-09-22T04:08:03Z,0, 29, 187.77, 1890, 7000, 63;1, 31, 170.15, 1860, 7000, 57;2, 35, 166.05, 1875, 7000, 51;3, 0, 71.60, 1905, 7000, 36;
2026-09-22T04:08:04Z,0, 30, 185.15, 1890, 7000, 63;1, 32, 158.32, 1845, 7000, 57;2, 36, 168.77, 1875, 7000, 51;3, 0, 77.34, 1905, 7000, 36;
2026-09-22T04:08:05Z,0, 30, 169.61, 1875, 7000, 63;1, 31, 176.61, 1860, 7000, 58;2, 35, 161.73, 1875, 7000, 52;3, 0, 71.77, 1905, 7000, 36;
2026-09-22T04:08:06Z,0, 29, 118.12, 1890, 7000, 60;1, 29, 105.64, 1860, 7000, 55;2, 28, 69.04, 1875, 7000, 48;3, 0, 71.71, 1905, 7000, 36;
2026-09-22T04:08:07Z,0, 20, 187.00, 1890, 7000, 63;1, 19, 187.57, 1860, 7000, 58;2, 25, 166.32, 1875, 7000, 51;3, 0, 71.56, 1905, 7000, 36;
2026-09-22T04:08:08Z,0, 26, 187.98, 1890, 7000, 63;1, 32, 168.54, 1860, 7000, 57;2, 35, 163.02, 1875, 7000, 51;3, 0, 74.87, 1905, 7000, 36;
2026-09-22T04:08:09Z,0, 29, 187.70, 1860, 7000, 63;1, 31, 177.88, 1830, 7000, 57;2, 35, 134.84, 1875, 7000, 51;3, 0, 71.80, 1905, 7000, 36;
2026-09-22T04:08:10Z,0, 30, 190.70, 1890, 7000, 64;1, 32, 158.58, 1860, 7000, 58;2, 36, 138.77, 1875, 7000, 51;3, 0, 71.63, 1905, 7000, 36;
2026-09-22T04:08:11Z,0, 29, 164.66, 1875, 7000, 63;1, 31, 184.59, 1860, 7000, 57;2, 36, 158.04, 1875, 7000, 50;3, 0, 72.02, 1905, 7000, 36;
2026-09-22T04:08:12Z,0, 30, 194.02, 1890, 7000, 63;1, 31, 162.85, 1830, 7000, 57;2, 35, 167.58, 1875, 7000, 51;3, 0, 74.73, 1905, 7000, 36;
2026-09-22T04:08:14Z,0, 30, 168.87, 1875, 7000, 63;1, 32, 172.92, 1860, 7000, 58;2, 36, 171.31, 1875, 7000, 52;3, 0, 71.85, 1905, 7000, 36;
2026-09-22T04:08:15Z,0, 30, 180.71, 1890, 7000, 64;1, 31, 185.64, 1860, 7000, 58;2, 35, 158.23, 1875, 7000, 51;3, 0, 71.88, 1905, 7000, 36;
2026-09-22T04:08:16Z,0, 29, 187.09, 1875, 7000, 63;1, 31, 182.99, 1860, 7000, 58;2, 36, 139.44, 1875, 7000, 51;3, 0, 71.81, 1905, 7000, 36;
2026-09-22T04:08:17Z,0, 30, 185.72, 1890, 7000, 63;1, 32, 185.60, 1860, 7000, 57;2, 36, 171.20, 1875, 7000, 51;3, 0, 71.87, 1905, 7000, 36;
2026-09-22T04:08:18Z,0, 30, 188.01, 1890, 7000, 63;1, 31, 183.83, 1830, 7000, 57;2, 35, 160.16, 1875, 7000, 51;3, 0, 71.72, 1905, 7000, 36;
2026-09-22T04:08:19Z,0, 29, 188.09, 1860, 7000, 62;1, 32, 191.25, 1860, 7000, 57;2, 35, 171.18, 1875, 7000, 51;3, 0, 72.03, 1905, 7000, 36;
2026-09-22T04:08:20Z,0, 30, 195.62, 1890, 7000, 64;1, 31, 177.63, 1860, 7000, 58;2, 36, 170.87, 1875, 7000, 51;3, 0, 71.80, 1905, 7000, 36;
2026-09-22T04:08:21Z,0, 29, 179.93, 1875, 7000, 63;1, 32, 159.01, 1845, 7000, 57;2, 35, 163.73, 1875, 7000, 51;3, 0, 71.71, 1905, 7000, 36;
2026-09-22T04:08:22Z,0, 30, 188.35, 1890, 7000, 63;1, 31, 190.70, 1860, 7000, 58;2, 36, 150.84, 1875, 7000, 51;3, 0, 95.53, 1905, 7000, 36;
2026-09-22T04:08:23Z,0, 29, 196.38, 1890, 7000, 64;1, 32, 182.06, 1860, 7000, 58;2, 35, 160.08, 1875, 7000, 51;3, 0, 71.64, 1905, 7000, 36;
2026-09-22T04:08:24Z,0, 30, 178.38, 1875, 7000, 63;1, 32, 161.71, 1860, 7000, 57;2, 36, 169.60, 1875, 7000, 51;3, 0, 71.69, 1905, 7000, 36;
2026-09-22T04:08:25Z,0, 29, 168.17, 1890, 7000, 63;1, 31, 163.50, 1860, 7000, 58;2, 35, 171.17, 1875, 7000, 52;3, 0, 71.75, 1905, 7000, 36;
2026-09-22T04:08:27Z,0, 30, 118.41, 1890, 7000, 61;1, 32, 133.83, 1860, 7000, 55;2, 36, 70.72, 1875, 7000, 48;3, 0, 99.72, 1905, 7000, 36;
2026-09-22T04:08:28Z,0, 16, 191.96, 1860, 7000, 62;1, 17, 178.42, 1830, 7000, 57;2, 20, 147.11, 1875, 7000, 51;3, 0, 71.76, 1905, 7000, 36;
2026-09-22T04:08:29Z,0, 29, 167.36, 1890, 7000, 63;1, 30, 162.32, 1860, 7000, 58;2, 32, 165.60, 1875, 7000, 51;3, 0, 71.57, 1905, 7000, 36;
2026-09-22T04:08:30Z,0, 30, 165.31, 1890, 7000, 63;1, 32, 161.86, 1860, 7000, 57;2, 36, 147.68, 1875, 7000, 51;3, 0, 71.86, 1905, 7000, 36;
2026-09-22T04:08:31Z,0, 29, 177.06, 1860, 7000, 63;1, 32, 172.75, 1860, 7000, 58;2, 35, 166.80, 1875, 7000, 51;3, 0, 97.46, 1905, 7000, 36;
2026-09-22T04:08:32Z,0, 30, 165.19, 1890, 7000, 64;1, 31, 162.01, 1860, 7000, 58;2, 36, 171.22, 1875, 7000, 51;3, 0, 72.32, 1905, 7000, 36;
2026-09-22T04:08:33Z,0, 30, 177.60, 1875, 7000, 63;1, 31, 170.93, 1860, 7000, 57;2, 36, 154.12, 1875, 7000, 51;3, 0, 71.70, 1905, 7000, 36;
2026-09-22T04:08:34Z,0, 29, 194.86, 1890, 7000, 63;1, 32, 190.45, 1860, 7000, 57;2, 35, 165.74, 1875, 7000, 51;3, 0, 71.91, 1905, 7000, 36;
2026-09-22T04:08:35Z,0, 30, 179.61, 1860, 7000, 63;1, 31, 179.84, 1830, 7000, 57;2, 36, 171.31, 1875, 7000, 51;3, 0, 91.22, 1905, 7000, 36;
2026-09-22T04:08:36Z,0, 30, 171.21, 1890, 7000, 64;1, 31, 162.34, 1860, 7000, 58;2, 35, 159.10, 1875, 7000, 51;3, 0, 71.77, 1905, 7000, 36;
2026-09-22T04:08:37Z,0, 29, 181.16, 1875, 7000, 63;1, 32, 187.08, 1860, 7000, 57;2, 35, 143.83, 1875, 7000, 51;3, 0, 72.07, 1905, 7000, 36;
2026-09-22T04:08:39Z,0, 30, 170.46, 1890, 7000, 63;1, 31, 165.10, 1860, 7000, 57;2, 36, 139.60, 1875, 7000, 51;3, 0, 71.72, 1905, 7000, 36;
2026-09-22T04:08:40Z,0, 29, 169.01, 1890, 7000, 64;1, 31, 173.81, 1860, 7000, 58;2, 35, 150.21, 1875, 7000, 51;3, 0, 84.67, 1905, 7000, 36;
2026-09-22T04:08:41Z,0, 30, 172.75, 1890, 7000, 63;1, 31, 163.62, 1860, 7000, 57;2, 35, 169.07, 1875, 7000, 51;3, 0, 71.72, 1905, 7000, 36;
2026-09-22T04:08:42Z,0, 30, 172.80, 1890, 7000, 64;1, 31, 163.84, 1860, 7000, 58;2, 35, 163.42, 1875, 7000, 51;3, 0, 71.57, 1905, 7000, 36;
2026-09-22T04:08:43Z,0, 30, 188.40, 1875, 7000, 63;1, 31, 192.38, 1860, 7000, 57;2, 35, 171.67, 1875, 7000, 50;3, 0, 71.53, 1905, 7000, 36;
2026-09-22T04:08:44Z,0, 30, 173.07, 1890, 7000, 63;1, 32, 180.02, 1845, 7000, 57;2, 36, 170.78, 1875, 7000, 51;3, 0, 83.28, 1905, 7000, 36;
2026-09-22T04:08:45Z,0, 29, 172.84, 1860, 7000, 64;1, 31, 167.97, 1860, 7000, 58;2, 35, 166.58, 1875, 7000, 51;3, 0, 71.48, 1905, 7000, 36;
2026-09-22T04:08:46Z,0, 30, 177.94, 1875, 7000, 63;1, 32, 161.26, 1860, 7000, 57;2, 36, 156.09, 1875, 7000, 51;3, 0, 71.49, 1905, 7000, 36;
2026-09-22T04:08:47Z,0, 29, 170.96, 1890, 7000, 62;1, 31, 158.92, 1860, 7000, 56;2, 35, 149.22, 1875, 7000, 50;3, 0, 71.50, 1905, 7000, 36;
2026-09-22T04:08:48Z,0, 24, 172.34, 1875, 7000, 63;1, 16, 162.73, 1860, 7000, 57;2, 16, 138.08, 1875, 7000, 50;3, 0, 78.59, 1905, 7000, 36;
2026-09-22T04:08:49Z,0, 30, 171.97, 1890, 7000, 63;1, 31, 181.15, 1860, 7000, 57;2, 36, 146.77, 1875, 7000, 51;3, 0, 71.71, 1905, 7000, 36;
2026-09-22T04:08:51Z,0, 29, 176.18, 1890, 7000, 64;1, 32, 187.19, 1860, 7000, 58;2, 35, 137.73, 1875, 7000, 51;3, 0, 71.67, 1905, 7000, 36;
2026-09-22T04:08:52Z,0, 30, 165.68, 1875, 7000, 63;1, 31, 167.27, 1860, 7000, 57;2, 35, 150.23, 1875, 7000, 50;3, 0, 71.62, 1905, 7000, 36;
2026-09-22T04:08:53Z,0, 30, 191.99, 1890, 7000, 63;1, 31, 167.16, 1845, 7000, 57;2, 35, 165.93, 1875, 7000, 51;3, 0, 78.00, 1905, 7000, 36;
2026-09-22T04:08:54Z,0, 29, 167.33, 1860, 7000, 63;1, 32, 189.96, 1845, 7000, 57;2, 36, 133.65, 1875, 7000, 51;3, 0, 71.88, 1905, 7000, 36;
2026-09-22T04:08:55Z,0, 30, 191.22, 1890, 7000, 64;1, 31, 169.37, 1860, 7000, 58;2, 36, 154.62, 1875, 7000, 51;3, 0, 71.61, 1905, 7000, 36;
2026-09-22T04:08:56Z,0, 30, 188.84, 1875, 7000, 63;1, 31, 190.12, 1860, 7000, 57;2, 35, 170.45, 1875, 7000, 51;3, 0, 71.57, 1905, 7000, 36;
2026-09-22T04:08:57Z,0, 29, 174.53, 1890, 7000, 63;1, 32, 176.36, 1860, 7000, 57;2, 36, 167.83, 1860, 7000, 51;3, 0, 75.17, 1905, 7000, 36;
2026-09-22T04:08:58Z,0, 30, 173.39, 1875, 7000, 63;1, 31, 159.08, 1830, 7000, 57;2, 35, 155.74, 1875, 7000, 51;3, 0, 71.87, 1905, 7000, 36;
2026-09-22T04:08:59Z,0, 30, 174.85, 1875, 7000, 64;1, 31, 181.95, 1860, 7000, 58;2, 36, 136.15, 1875, 7000, 51;3, 0, 71.71, 1905, 7000, 36;
2026-09-22T04:09:00Z,0, 30, 166.11, 1890, 7000, 63;1, 32, 160.16, 1860, 7000, 57;2, 35, 151.84, 1875, 7000, 51;3, 0, 71.53, 1905, 7000, 36;
2026-09-22T04:09:01Z,0, 29, 166.07, 1875, 7000, 64;1, 31, 174.24, 1860, 7000, 58;2, 35, 161.26, 1875, 7000, 51;3, 0, 72.01, 1905, 7000, 36;
2026-09-22T04:09:02Z,0, 30, 176.43, 1890, 7000, 63;1, 32, 160.03, 1830, 7000, 57;2, 35, 168.57, 1860, 7000, 51;3, 0, 71.66, 1905, 7000, 36;
2026-09-22T04:09:04Z,0, 30, 195.20, 1890, 7000, 64;1, 31, 165.39, 1860, 7000, 58;2, 36, 164.66, 1875, 7000, 51;3, 0, 71.69, 1905, 7000, 36;
2026-09-22T04:09:05Z,0, 29, 165.67, 1875, 7000, 63;1, 32, 182.16, 1860, 7000, 57;2, 35, 166.92, 1875, 7000, 51;3, 0, 71.55, 1905, 7000, 36;
2026-09-22T04:09:06Z,0, 30, 173.21, 1890, 7000, 63;1, 31, 172.27, 1830, 7000, 57;2, 36, 132.68, 1875, 7000, 51;3, 0, 71.81, 1905, 7000, 36;
2026-09-22T04:09:07Z,0, 30, 195.93, 1890, 7000, 64;1, 32, 158.28, 1860, 7000, 58;2, 35, 145.24, 1875, 7000, 51;3, 0, 80.44, 1905, 7000, 36;
2026-09-22T04:09:08Z,0, 29, 188.03, 1875, 7000, 63;1, 32, 172.48, 1860, 7000, 57;2, 36, 152.12, 1875, 7000, 51;3, 0, 71.63, 1905, 7000, 36;
2026-09-22T04:09:09Z,0, 18, 191.31, 1860, 7000, 62;1, 27, 187.42, 1860, 7000, 56;2, 32, 167.01, 1875, 7000, 50;3, 0, 71.54, 1905, 7000, 36;
2026-09-22T04:09:10Z,0, 29, 182.77, 1890, 7000, 63;1, 22, 184.21, 1830, 7000, 57;2, 22, 156.17, 1875, 7000, 51;3, 0, 71.83, 1905, 7000, 36;
2026-09-22T04:09:11Z,0, 30, 187.95, 1890, 7000, 63;1, 32, 173.67, 1860, 7000, 57;2, 35, 169.16, 1875, 7000, 51;3, 0, 89.94, 1905, 7000, 36;
2026-09-22T04:09:12Z,0, 29, 179.14, 1875, 7000, 64;1, 32, 187.90, 1860, 7000, 58;2, 35, 149.77, 1875, 7000, 51;3, 0, 71.36, 1905, 7000, 36;
2026-09-22T04:09:13Z,0, 30, 168.59, 1890, 7000, 63;1, 31, 187.11, 1860, 7000, 58;2, 35, 160.99, 1875, 7000, 51;3, 0, 71.78, 1905, 7000, 36;
2026-09-22T04:09:14Z,0, 29, 190.96, 1890, 7000, 63;1, 31, 176.44, 1860, 7000, 57;2, 36, 162.50, 1875, 7000, 51;3, 0, 71.81, 1905, 7000, 36;
2026-09-22T04:09:16Z,0, 30, 166.73, 1875, 7000, 63;1, 32, 185.86, 1860, 7000, 58;2, 35, 167.72, 1875, 7000, 51;3, 0, 99.22, 1905, 7000, 36;
2026-09-22T04:09:17Z,0, 29, 180.20, 1890, 7000, 64;1, 31, 183.07, 1860, 7000, 57;2, 36, 162.66, 1875, 7000, 50;3, 0, 71.38, 1905, 7000, 36;
2026-09-22T04:09:18Z,0, 30, 187.88, 1860, 7000, 63;1, 32, 158.12, 1845, 7000, 57;2, 35, 158.52, 1875, 7000, 51;3, 0, 71.84, 1905, 7000, 36;
2026-09-22T04:09:19Z,0, 29, 173.01, 1890, 7000, 64;1, 32, 173.97, 1860, 7000, 58;2, 36, 164.52, 1875, 7000, 51;3, 0, 71.66, 1905, 7000, 36;
2026-09-22T04:09:20Z,0, 30, 188.32, 1875, 7000, 63;1, 31, 166.15, 1860, 7000, 58;2, 35, 168.77, 1875, 7000, 51;3, 0, 93.81, 1905, 7000, 36;
2026-09-22T04:09:21Z,0, 30, 191.90, 1860, 7000, 63;1, 32, 170.68, 1815, 7000, 57;2, 35, 148.66, 1875, 7000, 51;3, 0, 71.78, 1905, 7000, 36;
2026-09-22T04:09:22Z,0, 29, 187.61, 1890, 7000, 63;1, 31, 158.21, 1860, 7000, 58;2, 35, 168.90, 1875, 7000, 51;3, 0, 71.58, 1905, 7000, 36;
2026-09-22T04:09:23Z,0, 30, 191.96, 1890, 7000, 63;1, 32, 167.90, 1860, 7000, 57;2, 36, 170.77, 1875, 7000, 51;3, 0, 71.84, 1905, 7000, 36;
2026-09-22T04:09:24Z,0, 29, 186.78, 1875, 7000, 63;1, 31, 178.13, 1860, 7000, 58;2, 36, 148.03, 1875, 7000, 52;3, 0, 92.93, 1905, 7000, 36;
2026-09-22T04:09:25Z,0, 30, 188.20, 1890, 7000, 63;1, 32, 161.00, 1860, 7000, 57;2, 35, 153.97, 1875, 7000, 51;3, 0, 71.32, 1905, 7000, 36;
2026-09-22T04:09:26Z,0, 30, 195.00, 1890, 7000, 63;1, 31, 165.42, 1860, 7000, 57;2, 35, 160.35, 1875, 7000, 51;3, 0, 71.68, 1905, 7000, 36;
2026-09-22T04:09:28Z,0, 29, 171.37, 1875, 7000, 63;1, 32, 179.37, 1830, 7000, 57;2, 36, 167.60, 1875, 7000, 51;3, 0, 71.59, 1905, 7000, 36;
2026-09-22T04:09:29Z,0, 30, 168.69, 1890, 7000, 64;1, 32, 188.51, 1860, 7000, 58;2, 35, 171.30, 1875, 7000, 51;3, 0, 86.33, 1905, 7000, 36;
2026-09-22T04:09:30Z,0, 29, 164.64, 1875, 7000, 62;1, 18, 174.90, 1860, 7000, 57;2, 21, 152.49, 1875, 7000, 50;3, 0, 71.75, 1905, 7000, 36;
2026-09-22T04:09:31Z,0, 30, 171.24, 1890, 7000, 63;1, 30, 190.17, 1860, 7000, 57;2, 33, 168.28, 1875, 7000, 50;3, 0, 71.86, 1905, 7000, 36;
2026-09-22T04:09:32Z,0, 29, 166.21, 1890, 7000, 63;1, 32, 185.89, 1860, 7000, 58;2, 36, 151.27, 1875, 7000, 51;3, 0, 72.07, 1905, 7000, 36;
2026-09-22T04:09:33Z,0, 30, 181.52, 1875, 7000, 63;1, 31, 190.09, 1860, 7000, 57;2, 35, 169.20, 1875, 7000, 50;3, 0, 80.91, 1905, 7000, 36;
2026-09-22T04:09:34Z,0, 30, 192.25, 1890, 7000, 63;1, 32, 160.38, 1860, 7000, 57;2, 36, 169.82, 1875, 7000, 51;3, 0, 71.76, 1905, 7000, 36;
2026-09-22T04:09:35Z,0, 29, 181.36, 1875, 7000, 63;1, 31, 170.42, 1860, 7000, 58;2, 35, 145.55, 1875, 7000, 51;3, 0, 71.74, 1905, 7000, 36;
2026-09-22T04:09:36Z,0, 30, 194.24, 1890, 7000, 63;1, 31, 162.14, 1860, 7000, 58;2, 35, 139.27, 1875, 7000, 51;3, 0, 71.95, 1905, 7000, 36;
2026-09-22T04:09:37Z,0, 30, 176.48, 1875, 7000, 63;1, 32, 172.36, 1860, 7000, 57;2, 35, 164.81, 1875, 7000, 51;3, 0, 79.56, 1905, 7000, 36;
2026-09-22T04:09:38Z,0, 29, 171.66, 1890, 7000, 63;1, 31, 190.28, 1860, 7000, 57;2, 36, 148.95, 1875, 7000, 51;3, 0, 71.63, 1905, 7000, 36;
2026-09-22T04:09:39Z,0, 30, 187.82, 1890, 7000, 63;1, 32, 174.80, 1860, 7000, 57;2, 36, 139.00, 1875, 7000, 51;3, 0, 71.61, 1905, 7000, 36;
2026-09-22T04:09:41Z,0, 30, 172.98, 1875, 7000, 64;1, 32, 163.29, 1860, 7000, 58;2, 35, 150.91, 1875, 7000, 51;3, 0, 71.68, 1905, 7000, 36;
2026-09-22T04:09:42Z,0, 30, 188.62, 1890, 7000, 63;1, 31, 175.97, 1860, 7000, 57;2, 36, 170.37, 1875, 7000, 51;3, 0, 76.48, 1905, 7000, 36;
2026-09-22T04:09:43Z,0, 29, 175.39, 1860, 7000, 63;1, 31, 192.52, 1860, 7000, 58;2, 35, 140.75, 1875, 7000, 51;3, 0, 71.88, 1905, 7000, 35;
2026-09-22T04:09:44Z,0, 30, 189.62, 1890, 7000, 63;1, 31, 181.82, 1860, 7000, 57;2, 36, 163.44, 1875, 7000, 51;3, 0, 71.83, 1905, 7000, 36;
2026-09-22T04:09:45Z,0, 30, 197.25, 1890, 7000, 63;1, 32, 163.79, 1860, 7000, 57;2, 35, 158.95, 1875, 7000, 51;3, 0, 71.86, 1905, 7000, 36;
2026-09-22T04:09:46Z,0, 29, 171.34, 1860, 7000, 63;1, 31, 163.24, 1860, 7000, 58;2, 36, 151.40, 1875, 7000, 51;3, 0, 75.91, 1905, 7000, 36;
2026-09-22T04:09:47Z,0, 30, 181.36, 1890, 7000, 63;1, 31, 164.63, 1860, 7000, 57;2, 35, 151.35, 1875, 7000, 50;3, 0, 71.86, 1905, 7000, 36;
2026-09-22T04:09:48Z,0, 30, 196.61, 1890, 7000, 63;1, 31, 176.14, 1860, 7000, 57;2, 36, 148.50, 1875, 7000, 51;3, 0, 71.86, 1905, 7000, 36;
2026-09-22T04:09:49Z,0, 29, 192.41, 1875, 7000, 63;1, 31, 162.75, 1860, 7000, 58;2, 35, 140.10, 1875, 7000, 51;3, 0, 72.14, 1905, 7000, 36;
2026-09-22T04:09:50Z,0, 20, 173.09, 1875, 7000, 62;1, 32, 187.83, 1860, 7000, 57;2, 19, 146.05, 1875, 7000, 50;3, 0, 72.63, 1905, 7000, 36;
2026-09-22T04:09:51Z,0, 28, 169.15, 1890, 7000, 63;1, 18, 175.46, 1860, 7000, 57;2, 35, 142.29, 1875, 7000, 50;3, 0, 71.80, 1905, 7000, 36;
2026-09-22T04:09:53Z,0, 30, 166.23, 1890, 7000, 63;1, 31, 165.60, 1830, 7000, 57;2, 36, 133.63, 1875, 7000, 50;3, 0, 71.71, 1905, 7000, 36;
2026-09-22T04:09:54Z,0, 29, 168.70, 1875, 7000, 63;1, 31, 190.64, 1860, 7000, 58;2, 35, 146.03, 1875, 7000, 51;3, 0, 71.64, 1905, 7000, 36;
2026-09-22T04:09:55Z,0, 30, 194.73, 1890, 7000, 63;1, 31, 182.78, 1860, 7000, 57;2, 36, 164.48, 1875, 7000, 51;3, 0, 71.70, 1905, 7000, 36;
2026-09-22T04:09:56Z,0, 29, 183.82, 1860, 7000, 63;1, 32, 165.82, 1860, 7000, 57;2, 35, 167.55, 1875, 7000, 50;3, 0, 73.35, 1905, 7000, 36;
2026-09-22T04:09:57Z,0, 30, 194.44, 1890, 7000, 63;1, 31, 163.33, 1830, 7000, 57;2, 36, 142.48, 1875, 7000, 51;3, 0, 71.46, 1905, 7000, 36;
2026-09-22T04:09:58Z,0, 29, 187.13, 1875, 7000, 63;1, 31, 170.99, 1860, 7000, 58;2, 36, 160.48, 1875, 7000, 51;3, 0, 71.56, 1905, 7000, 36;
2026-09-22T04:09:59Z,0, 30, 171.47, 1890, 7000, 63;1, 32, 165.08, 1860, 7000, 57;2, 35, 166.83, 1875, 7000, 51;3, 0, 71.65, 1905, 7000, 36;
2026-09-22T04:10:00Z,0, 30, 176.05, 1860, 7000, 63;1, 32, 191.63, 1860, 7000, 57;2, 36, 160.28, 1875, 7000, 50;3, 0, 82.38, 1905, 7000, 36;
2026-09-22T04:10:01Z,0, 29, 197.09, 1890, 7000, 63;1, 31, 185.82, 1830, 7000, 57;2, 35, 150.11, 1875, 7000, 51;3, 0, 71.98, 1905, 7000, 36;
2026-09-22T04:10:02Z,0, 30, 174.48, 1890, 7000, 63;1, 32, 168.49, 1860, 7000, 58;2, 36, 133.38, 1875, 7000, 51;3, 0, 71.90, 1905, 7000, 36;
2026-09-22T04:10:03Z,0, 29, 166.94, 1860, 7000, 63;1, 31, 168.12, 1860, 7000, 57;2, 35, 153.01, 1875, 7000, 51;3, 0, 72.00, 1905, 7000, 36;
2026-09-22T04:10:05Z,0, 30, 177.54, 1890, 7000, 63;1, 32, 186.12, 1860, 7000, 58;2, 35, 160.20, 1875, 7000, 51;3, 0, 100.34, 1905, 7000, 36;
2026-09-22T04:10:06Z,0, 30, 196.53, 1890, 7000, 63;1, 31, 187.78, 1830, 7000, 57;2, 36, 169.46, 1875, 7000, 51;3, 0, 71.82, 1905, 7000, 36;
2026-09-22T04:10:07Z,0, 29, 166.02, 1875, 7000, 63;1, 32, 179.68, 1860, 7000, 58;2, 35, 163.50, 1875, 7000, 51;3, 0, 71.79, 1905, 7000, 36;
2026-09-22T04:10:08Z,0, 30, 178.64, 1890, 7000, 63;1, 31, 167.37, 1860, 7000, 57;2, 36, 164.63, 1875, 7000, 50;3, 0, 71.60, 1905, 7000, 36;
2026-09-22T04:10:09Z,0, 30, 197.09, 1890, 7000, 63;1, 32, 187.57, 1860, 7000, 57;2, 35, 135.49, 1875, 7000, 51;3, 0, 95.62, 1905, 7000, 36;
2026-09-22T04:10:10Z,0, 29, 188.10, 1875, 7000, 63;1, 32, 179.92, 1860, 7000, 57;2, 35, 148.51, 1875, 7000, 50;3, 0, 71.29, 1905, 7000, 36;
2026-09-22T04:10:11Z,0, 30, 175.51, 1875, 7000, 61;1, 21, 149.80, 1830, 7000, 56;2, 32, 95.10, 1875, 7000, 49;3, 0, 71.86, 1905, 7000, 36;
2026-09-22T04:10:12Z,0, 30, 167.27, 1875, 7000, 63;1, 26, 185.91, 1860, 7000, 57;2, 21, 135.19, 1875, 7000, 50;3, 0, 71.73, 1905, 7000, 35;
2026-09-22T04:10:13Z,0, 29, 182.97, 1860, 7000, 62;1, 32, 175.34, 1815, 7000, 57;2, 35, 136.30, 1875, 7000, 50;3, 0, 88.97, 1905, 7000, 36;
2026-09-22T04:10:14Z,0, 30, 180.54, 1890, 7000, 63;1, 31, 169.39, 1860, 7000, 58;2, 35, 136.40, 1875, 7000, 51;3, 0, 71.71, 1905, 7000, 36;
2026-09-22T04:10:15Z,0, 29, 188.79, 1875, 7000, 63;1, 32, 187.99, 1860, 7000, 57;2, 35, 163.95, 1875, 7000, 50;3, 0, 71.80, 1905, 7000, 36;
2026-09-22T04:10:17Z,0, 30, 180.71, 1890, 7000, 62;1, 32, 184.73, 1860, 7000, 57;2, 35, 161.54, 1875, 7000, 51;3, 0, 71.89, 1905, 7000, 36;
2026-09-22T04:10:18Z,0, 30, 188.82, 1875, 7000, 63;1, 31, 160.88, 1860, 7000, 57;2, 36, 137.86, 1875, 7000, 51;3, 0, 87.44, 1905, 7000, 35;
2026-09-22T04:10:19Z,0, 30, 191.02, 1890, 7000, 63;1, 32, 185.74, 1860, 7000, 57;2, 35, 132.18, 1875, 7000, 50;3, 0, 71.91, 1905, 7000, 36;
2026-09-22T04:10:20Z,0, 29, 167.27, 1860, 7000, 63;1, 31, 173.09, 1830, 7000, 57;2, 35, 151.61, 1875, 7000, 51;3, 0, 71.90, 1905, 7000, 36;
2026-09-22T04:10:21Z,0, 30, 183.12, 1890, 7000, 63;1, 31, 166.56, 1860, 7000, 58;2, 36, 146.82, 1875, 7000, 51;3, 0, 71.70, 1905, 7000, 35;
2026-09-22T04:10:22Z,0, 30, 168.29, 1875, 7000, 63;1, 32, 187.85, 1860, 7000, 57;2, 35, 136.37, 1875, 7000, 50;3, 0, 81.82, 1905, 7000, 35;
2026-09-22T04:10:23Z,0, 29, 178.26, 1890, 7000, 63;1, 31, 188.58, 1860, 7000, 57;2, 36, 150.30, 1875, 7000, 51;3, 0, 72.00, 1905, 7000, 36;
2026-09-22T04:10:24Z,0, 30, 163.84, 1890, 7000, 63;1, 31, 162.54, 1860, 7000, 57;2, 35, 138.10, 1875, 7000, 51;3, 0, 71.76, 1905, 7000, 36;
2026-09-22T04:10:25Z,0, 29, 176.42, 1890, 7000, 62;1, 31, 165.30, 1860, 7000, 57;2, 36, 134.64, 1875, 7000, 50;3, 0, 71.87, 1905, 7000, 36;
2026-09-22T04:10:26Z,0, 29, 187.30, 1860, 7000, 63;1, 32, 180.84, 1830, 7000, 57;2, 35, 142.40, 1875, 7000, 51;3, 0, 77.79, 1905, 7000, 36;
2026-09-22T04:10:27Z,0, 30, 164.18, 1890, 7000, 63;1, 32, 185.59, 1860, 7000, 57;2, 36, 167.78, 1875, 7000, 51;3, 0, 72.01, 1905, 7000, 35;
2026-09-22T04:10:28Z,0, 30, 179.84, 1890, 7000, 62;1, 31, 189.82, 1860, 7000, 57;2, 35, 159.68, 1875, 7000, 50;3, 0, 71.86, 1905, 7000, 36;
2026-09-22T04:10:30Z,0, 29, 188.29, 1875, 7000, 63;1, 32, 178.42, 1860, 7000, 58;2, 35, 145.78, 1875, 7000, 51;3, 0, 71.85, 1905, 7000, 35;
2026-09-22T04:10:31Z,0, 30, 192.51, 1890, 7000, 63;1, 31, 185.14, 1860, 7000, 57;2, 36, 137.93, 1875, 7000, 50;3, 0, 77.42, 1905, 7000, 35;
2026-09-22T04:10:32Z,0, 26, 116.84, 1890, 7000, 59;1, 31, 134.59, 1860, 7000, 55;2, 21, 112.13, 1875, 7000, 47;3, 0, 72.03, 1905, 7000, 35;
2026-09-22T04:10:33Z,0, 21, 193.41, 1890, 7000, 63;1, 18, 159.17, 1860, 7000, 57;2, 33, 145.73, 1875, 7000, 51;3, 0, 71.75, 1905, 7000, 36;
2026-09-22T04:10:34Z,0, 30, 169.34, 1875, 7000, 63;1, 31, 185.53, 1860, 7000, 57;2, 36, 138.24, 1875, 7000, 50;3, 0, 71.81, 1905, 7000, 36;
2026-09-22T04:10:35Z,0, 29, 176.55, 1860, 7000, 62;1, 31, 190.43, 1860, 7000, 57;2, 35, 145.79, 1875, 7000, 51;3, 0, 74.82, 1905, 7000, 35;
2026-09-22T04:10:36Z,0, 30, 170.52, 1890, 7000, 63;1, 31, 167.31, 1860, 7000, 57;2, 36, 138.62, 1875, 7000, 51;3, 0, 71.80, 1905, 7000, 35;
2026-09-22T04:10:37Z,0, 30, 176.55, 1875, 7000, 63;1, 32, 167.06, 1860, 7000, 57;2, 35, 150.21, 1875, 7000, 50;3, 0, 71.94, 1905, 7000, 36;
2026-09-22T04:10:38Z,0, 29, 171.85, 1890, 7000, 62;1, 32, 185.36, 1830, 7000, 57;2, 36, 168.23, 1875, 7000, 50;3, 0, 71.66, 1905, 7000, 36;
2026-09-22T04:10:39Z,0, 30, 187.05, 1875, 7000, 63;1, 31, 161.96, 1860, 7000, 58;2, 36, 138.35, 1875, 7000, 51;3, 0, 71.77, 1905, 7000, 36;
2026-09-22T04:10:40Z,0, 30, 194.79, 1890, 7000, 63;1, 32, 182.35, 1860, 7000, 57;2, 35, 148.53, 1875, 7000, 50;3, 0, 71.89, 1905, 7000, 35;
2026-09-22T04:10:42Z,0, 29, 164.26, 1890, 7000, 62;1, 32, 191.48, 1860, 7000, 57;2, 36, 165.98, 1875, 7000, 50;3, 0, 71.82, 1905, 7000, 35;
2026-09-22T04:10:43Z,0, 30, 196.92, 1890, 7000, 63;1, 31, 173.29, 1860, 7000, 57;2, 35, 169.84, 1875, 7000, 51;3, 0, 71.84, 1905, 7000, 36;
2026-09-22T04:10:44Z,0, 30, 167.88, 1890, 7000, 63;1, 32, 162.60, 1860, 7000, 58;2, 36, 162.26, 1875, 7000, 50;3, 0, 71.90, 1905, 7000, 36;
2026-09-22T04:10:45Z,0, 29, 186.19, 1860, 7000, 63;1, 32, 177.97, 1860, 7000, 57;2, 35, 145.49, 1875, 7000, 51;3, 0, 91.75, 1905, 7000, 35;
2026-09-22T04:10:46Z,0, 30, 165.99, 1890, 7000, 63;1, 31, 190.10, 1860, 7000, 57;2, 35, 140.01, 1875, 7000, 50;3, 0, 71.79, 1905, 7000, 35;
2026-09-22T04:10:47Z,0, 29, 195.61, 1890, 7000, 63;1, 31, 191.93, 1860, 7000, 57;2, 36, 138.69, 1875, 7000, 51;3, 0, 71.73, 1905, 7000, 35;
2026-09-22T04:10:48Z,0, 30, 196.28, 1875, 7000, 63;1, 32, 183.00, 1860, 7000, 57;2, 35, 138.68, 1875, 7000, 51;3, 0, 71.80, 1905, 7000, 36;
2026-09-22T04:10:49Z,0, 29, 172.46, 1860, 7000, 62;1, 31, 177.30, 1860, 7000, 57;2, 36, 140.39, 1860, 7000, 50;3, 0, 100.04, 1905, 7000, 36;
2026-09-22T04:10:50Z,0, 30, 170.87, 1890, 7000, 63;1, 32, 190.05, 1860, 7000, 58;2, 35, 141.19, 1875, 7000, 51;3, 0, 71.65, 1905, 7000, 35;
2026-09-22T04:10:51Z,0, 30, 197.40, 1890, 7000, 63;1, 31, 191.48, 1860, 7000, 57;2, 36, 167.54, 1875, 7000, 50;3, 0, 71.20, 1905, 7000, 36;
2026-09-22T04:10:52Z,0, 29, 118.57, 1710, 7000, 61;1, 29, 105.65, 1860, 7000, 57;2, 35, 68.46, 1875, 7000, 47;3, 0, 72.31, 1905, 7000, 36;
2026-09-22T04:10:53Z,0, 17, 173.17, 1875, 7000, 63;1, 20, 162.86, 1860, 7000, 57;2, 19, 138.59, 1875, 7000, 50;3, 0, 98.41, 1905, 7000, 36;
2026-09-22T04:10:55Z,0, 29, 192.32, 1890, 7000, 62;1, 31, 176.91, 1860, 7000, 56;2, 36, 154.62, 1875, 7000, 50;3, 0, 71.48, 1905, 7000, 36;
2026-09-22T04:10:56Z,0, 30, 181.44, 1875, 7000, 63;1, 32, 184.09, 1860, 7000, 57;2, 35, 139.26, 1875, 7000, 51;3, 0, 71.56, 1905, 7000, 35;
2026-09-22T04:10:57Z,0, 29, 170.49, 1890, 7000, 63;1, 31, 162.60, 1860, 7000, 57;2, 35, 158.78, 1875, 7000, 50;3, 0, 71.41, 1905, 7000, 35;
2026-09-22T04:10:58Z,0, 30, 182.95, 1890, 7000, 62;1, 32, 172.07, 1830, 7000, 57;2, 36, 145.62, 1875, 7000, 51;3, 0, 92.39, 1905, 7000, 36;
2026-09-22T04:10:59Z,0, 30, 196.84, 1860, 7000, 63;1, 32, 164.09, 1860, 7000, 57;2, 35, 138.57, 1875, 7000, 51;3, 0, 71.69, 1905, 7000, 35;
2026-09-22T04:11:00Z,0, 29, 173.50, 1890, 7000, 63;1, 31, 175.61, 1860, 7000, 57;2, 36, 159.50, 1875, 7000, 51;3, 0, 71.78, 1905, 7000, 36;
2026-09-22T04:11:01Z,0, 30, 167.04, 1875, 7000, 63;1, 32, 189.78, 1860, 7000, 57;2, 36, 170.63, 1875, 7000, 50;3, 0, 71.85, 1905, 7000, 36;
2026-09-22T04:11:02Z,0, 30, 174.70, 1890, 7000, 62;1, 32, 172.62, 1860, 7000, 57;2, 35, 138.30, 1875, 7000, 50;3, 0, 85.35, 1905, 7000, 36;
2026-09-22T04:11:03Z,0, 30, 171.19, 1860, 7000, 63;1, 31, 164.31, 1830, 7000, 57;2, 36, 157.20, 1875, 7000, 51;3, 0, 71.49, 1905, 7000, 36;
2026-09-22T04:11:04Z,0, 29, 194.35, 1890, 7000, 63;1, 32, 172.52, 1860, 7000, 58;2, 35, 170.76, 1875, 7000, 51;3, 0, 71.72, 1905, 7000, 35;
2026-09-22T04:11:05Z,0, 30, 186.05, 1890, 7000, 62;1, 31, 177.98, 1860, 7000, 57;2, 36, 155.56, 1875, 7000, 51;3, 0, 71.64, 1905, 7000, 35;
2026-09-22T04:11:07Z,0, 29, 172.01, 1890, 7000, 63;1, 32, 164.54, 1860, 7000, 58;2, 35, 164.24, 1875, 7000, 51;3, 0, 84.05, 1905, 7000, 35;
2026-09-22T04:11:08Z,0, 30, 170.52, 1875, 7000, 63;1, 32, 165.95, 1860, 7000, 57;2, 36, 170.68, 1875, 7000, 50;3, 0, 71.43, 1905, 7000, 36;
2026-09-22T04:11:09Z,0, 29, 188.39, 1890, 7000, 62;1, 31, 185.01, 1860, 7000, 57;2, 35, 167.80, 1860, 7000, 50;3, 0, 71.57, 1905, 7000, 35;
2026-09-22T04:11:10Z,0, 30, 196.47, 1860, 7000, 63;1, 32, 163.57, 1830, 7000, 57;2, 35, 141.90, 1875, 7000, 51;3, 0, 71.61, 1905, 7000, 35;
2026-09-22T04:11:11Z,0, 29, 183.27, 1875, 7000, 63;1, 32, 169.90, 1860, 7000, 57;2, 36, 153.08, 1875, 7000, 51;3, 0, 79.62, 1905, 7000, 35;
2026-09-22T04:11:12Z,0, 30, 174.96, 1890, 7000, 62;1, 31, 188.94, 1860, 7000, 57;2, 35, 160.07, 1875, 7000, 50;3, 0, 71.57, 1905, 7000, 35;
2026-09-22T04:11:13Z,0, 30, 117.53, 1890, 7000, 59;1, 32, 106.05, 1860, 7000, 54;2, 33, 68.51, 1875, 7000, 47;3, 0, 72.27, 1905, 7000, 35;
2026-09-22T04:11:14Z,0, 16, 176.06, 1890, 7000, 62;1, 19, 172.42, 1860, 7000, 57;2, 20, 135.59, 1875, 7000, 50;3, 0, 71.36, 1905, 7000, 35;
2026-09-22T04:11:15Z,0, 29, 193.60, 1875, 7000, 63;1, 31, 162.51, 1860, 7000, 57;2, 36, 166.51, 1875, 7000, 51;3, 0, 78.46, 1905, 7000, 35;
2026-09-22T04:11:16Z,0, 30, 196.92, 1890, 7000, 63;1, 32, 169.91, 1845, 7000, 57;2, 35, 164.11, 1875, 7000, 51;3, 0, 71.85, 1905, 7000, 35;
2026-09-22T04:11:17Z,0, 30, 172.29, 1890, 7000, 63;1, 31, 171.04, 1860, 7000, 57;2, 36, 164.65, 1875, 7000, 50;3, 0, 71.72, 1905, 7000, 35;
2026-09-22T04:11:19Z,0, 29, 196.62, 1875, 7000, 63;1, 32, 190.69, 1860, 7000, 57;2, 35, 152.43, 1875, 7000, 50;3, 0, 71.70, 1905, 7000, 35;
2026-09-22T04:11:20Z,0, 30, 184.41, 1890, 7000, 62;1, 32, 183.73, 1860, 7000, 56;2, 36, 136.94, 1875, 7000, 51;3, 0, 75.37, 1905, 7000, 35;
2026-09-22T04:11:21Z,0, 30, 164.79, 1860, 7000, 63;1, 31, 189.21, 1830, 7000, 57;2, 35, 149.22, 1875, 7000, 51;3, 0, 71.45, 1905, 7000, 35;
2026-09-22T04:11:22Z,0, 30, 190.80, 1890, 7000, 63;1, 32, 187.24, 1860, 7000, 57;2, 36, 153.64, 1875, 7000, 51;3, 0, 71.28, 1905, 7000, 35;
2026-09-22T04:11:23Z,0, 30, 164.22, 1875, 7000, 62;1, 32, 171.49, 1860, 7000, 57;2, 35, 136.75, 1875, 7000, 50;3, 0, 71.63, 1905, 7000, 35;
2026-09-22T04:11:24Z,0, 29, 184.59, 1890, 7000, 62;1, 31, 157.99, 1860, 7000, 57;2, 36, 142.10, 1875, 7000, 51;3, 0, 72.56, 1905, 7000, 35;
2026-09-22T04:11:25Z,0, 30, 188.12, 1875, 7000, 63;1, 32, 181.56, 1860, 7000, 58;2, 35, 159.35, 1875, 7000, 51;3, 0, 71.86, 1905, 7000, 35;
2026-09-22T04:11:26Z,0, 29, 192.01, 1890, 7000, 63;1, 32, 189.99, 1860, 7000, 57;2, 36, 138.58, 1875, 7000, 51;3, 0, 71.45, 1905, 7000, 35;
2026-09-22T04:11:27Z,0, 30, 164.72, 1875, 7000, 62;1, 31, 177.84, 1860, 7000, 57;2, 35, 169.44, 1875, 7000, 50;3, 0, 71.44, 1905, 7000, 35;
2026-09-22T04:11:28Z,0, 30, 175.37, 1890, 7000, 62;1, 32, 160.65, 1830, 7000, 57;2, 36, 165.69, 1875, 7000, 51;3, 0, 71.60, 1905, 7000, 35;
2026-09-22T04:11:29Z,0, 29, 191.24, 1875, 7000, 63;1, 32, 164.74, 1860, 7000, 57;2, 35, 156.98, 1875, 7000, 51;3, 0, 72.65, 1905, 7000, 35;
2026-09-22T04:11:30Z,0, 30, 187.28, 1890, 7000, 63;1, 31, 183.29, 1860, 7000, 57;2, 36, 142.89, 1875, 7000, 50;3, 0, 71.49, 1905, 7000, 35;
2026-09-22T04:11:32Z,0, 29, 190.44, 1890, 7000, 62;1, 32, 166.92, 1830, 7000, 57;2, 35, 136.44, 1875, 7000, 50;3, 0, 71.54, 1905, 7000, 35;
2026-09-22T04:11:33Z,0, 30, 188.40, 1860, 7000, 63;1, 32, 159.43, 1860, 7000, 57;2, 36, 138.77, 1875, 7000, 51;3, 0, 71.36, 1905, 7000, 35;
2026-09-22T04:11:34Z,0, 30, 117.71, 1890, 7000, 60;1, 31, 105.35, 1860, 7000, 55;2, 35, 71.15, 1875, 7000, 47;3, 0, 82.71, 1905, 7000, 35;
2026-09-22T04:11:35Z,0, 20, 163.73, 1860, 7000, 61;1, 17, 181.21, 1860, 7000, 56;2, 22, 137.24, 1875, 7000, 50;3, 0, 71.48, 1905, 7000, 35;
2026-09-22T04:11:36Z,0, 30, 186.13, 1890, 7000, 63;1, 32, 184.85, 1860, 7000, 57;2, 31, 155.98, 1875, 7000, 51;3, 0, 71.39, 1905, 7000, 35;
2026-09-22T04:11:37Z,0, 29, 193.99, 1890, 7000, 62;1, 31, 187.40, 1830, 7000, 57;2, 35, 140.77, 1875, 7000, 51;3, 0, 71.87, 1905, 7000, 35;
2026-09-22T04:11:38Z,0, 30, 166.36, 1875, 7000, 63;1, 32, 187.78, 1860, 7000, 57;2, 35, 160.27, 1875, 7000, 51;3, 0, 99.91, 1905, 7000, 35;
2026-09-22T04:11:39Z,0, 30, 179.85, 1890, 7000, 63;1, 32, 158.26, 1860, 7000, 57;2, 36, 141.23, 1875, 7000, 50;3, 0, 71.75, 1905, 7000, 35;
2026-09-22T04:11:40Z,0, 29, 188.03, 1875, 7000, 62;1, 31, 191.25, 1860, 7000, 57;2, 36, 142.08, 1875, 7000, 50;3, 0, 71.52, 1905, 7000, 35;
2026-09-22T04:11:41Z,0, 30, 191.40, 1890, 7000, 62;1, 32, 167.85, 1845, 7000, 56;2, 35, 153.80, 1875, 7000, 50;3, 0, 71.38, 1905, 7000, 35;
2026-09-22T04:11:42Z,0, 30, 187.89, 1890, 7000, 63;1, 31, 168.93, 1860, 7000, 57;2, 36, 163.21, 1875, 7000, 51;3, 0, 94.93, 1905, 7000, 35;
2026-09-22T04:11:44Z,0, 29, 192.10, 1890, 7000, 63;1, 32, 184.88, 1860, 7000, 57;2, 35, 170.44, 1875, 7000, 50;3, 0, 71.26, 1905, 7000, 35;
2026-09-22T04:11:45Z,0, 30, 164.60, 1890, 7000, 62;1, 32, 189.76, 1860, 7000, 56;2, 36, 153.54, 1875, 7000, 50;3, 0, 71.37, 1905, 7000, 35;
2026-09-22T04:11:46Z,0, 30, 181.54, 1860, 7000, 62;1, 31, 183.41, 1860, 7000, 57;2, 36, 166.52, 1875, 7000, 51;3, 0, 71.62, 1905, 7000, 35;
2026-09-22T04:11:47Z,0, 30, 196.71, 1890, 7000, 62;1, 32, 176.44, 1830, 7000, 56;2, 35, 149.05, 1875, 7000, 50;3, 0, 87.79, 1905, 7000, 35;
2026-09-22T04:11:48Z,0, 29, 181.89, 1875, 7000, 63;1, 31, 189.67, 1860, 7000, 57;2, 35, 159.15, 1875, 7000, 51;3, 0, 71.40, 1905, 7000, 35;
2026-09-22T04:11:49Z,0, 29, 164.63, 1890, 7000, 62;1, 32, 192.21, 1860, 7000, 56;2, 36, 169.70, 1875, 7000, 50;3, 0, 71.56, 1905, 7000, 35;
2026-09-22T04:11:50Z,0, 30, 174.03, 1890, 7000, 63;1, 32, 173.81, 1860, 7000, 57;2, 35, 140.87, 1875, 7000, 51;3, 0, 71.55, 1905, 7000, 35;
2026-09-22T04:11:51Z,0, 29, 178.15, 1875, 7000, 62;1, 31, 189.94, 1860, 7000, 57;2, 36, 138.37, 1875, 7000, 50;3, 0, 86.55, 1905, 7000, 35;
2026-09-22T04:11:52Z,0, 30, 166.91, 1890, 7000, 62;1, 32, 192.23, 1860, 7000, 57;2, 35, 140.53, 1875, 7000, 51;3, 0, 71.49, 1905, 7000, 35;
2026-09-22T04:11:53Z,0, 30, 174.13, 1890, 7000, 63;1, 31, 177.19, 1860, 7000, 57;2, 36, 144.42, 1875, 7000, 50;3, 0, 71.29, 1905, 7000, 35;
2026-09-22T04:11:54Z,0, 29, 141.39, 1890, 7000, 60;1, 32, 106.28, 1860, 7000, 55;2, 35, 104.51, 1875, 7000, 48;3, 0, 71.60, 1905, 7000, 35;
2026-09-22T04:11:56Z,0, 16, 195.15, 1890, 7000, 62;1, 25, 177.80, 1860, 7000, 57;2, 18, 169.07, 1875, 7000, 50;3, 0, 81.19, 1905, 7000, 35;
2026-09-22T04:11:57Z,0, 29, 166.19, 1890, 7000, 62;1, 31, 162.53, 1860, 7000, 57;2, 34, 154.30, 1875, 7000, 49;3, 0, 71.32, 1905, 7000, 35;
2026-09-22T04:11:58Z,0, 29, 181.94, 1875, 7000, 62;1, 31, 163.03, 1860, 7000, 57;2, 35, 138.15, 1875, 7000, 50;3, 0, 71.65, 1905, 7000, 35;
2026-09-22T04:11:59Z,0, 30, 196.22, 1890, 7000, 63;1, 31, 170.48, 1860, 7000, 57;2, 35, 148.31, 1875, 7000, 50;3, 0, 71.27, 1905, 7000, 35;
2026-09-22T04:12:00Z,0, 29, 169.88, 1890, 7000, 62;1, 32, 191.17, 1860, 7000, 57;2, 36, 169.63, 1875, 7000, 50;3, 0, 79.94, 1905, 7000, 35;
2026-09-22T04:12:01Z,0, 30, 172.40, 1860, 7000, 62;1, 32, 169.95, 1830, 7000, 57;2, 36, 168.67, 1875, 7000, 50;3, 0, 71.79, 1905, 7000, 35;
2026-09-22T04:12:02Z,0, 30, 169.97, 1890, 7000, 63;1, 31, 190.86, 1860, 7000, 57;2, 35, 156.07, 1875, 7000, 51;3, 0, 71.56, 1905, 7000, 35;
2026-09-22T04:12:03Z,0, 29, 172.90, 1875, 7000, 62;1, 32, 179.26, 1860, 7000, 57;2, 35, 141.56, 1875, 7000, 50;3, 0, 71.62, 1905, 7000, 35;
2026-09-22T04:12:04Z,0, 30, 193.47, 1890, 7000, 62;1, 32, 163.11, 1860, 7000, 56;2, 35, 167.25, 1875, 7000, 50;3, 0, 76.32, 1905, 7000, 35;
2026-09-22T04:12:05Z,0, 30, 180.61, 1860, 7000, 62;1, 31, 174.92, 1860, 7000, 57;2, 36, 157.96, 1875, 7000, 51;3, 0, 71.58, 1905, 7000, 35;
2026-09-22T04:12:06Z,0, 29, 170.46, 1890, 7000, 63;1, 32, 162.72, 1860, 7000, 57;2, 35, 142.31, 1875, 7000, 50;3, 0, 71.70, 1905, 7000, 35;
2026-09-22T04:12:07Z,0, 30, 187.32, 1890, 7000, 62;1, 32, 160.62, 1860, 7000, 57;2, 36, 158.48, 1875, 7000, 51;3, 0, 71.49, 1905, 7000, 35;
2026-09-22T04:12:09Z,0, 29, 195.93, 1890, 7000, 63;1, 31, 160.50, 1860, 7000, 57;2, 35, 150.51, 1875, 7000, 50;3, 0, 74.18, 1905, 7000, 35;
2026-09-22T04:12:10Z,0, 30, 187.47, 1875, 7000, 62;1, 32, 174.48, 1860, 7000, 56;2, 36, 143.01, 1875, 7000, 50;3, 0, 71.66, 1905, 7000, 35;
2026-09-22T04:12:11Z,0, 30, 174.29, 1890, 7000, 62;1, 32, 192.34, 1860, 7000, 57;2, 35, 169.48, 1875, 7000, 51;3, 0, 71.14, 1905, 7000, 35;
2026-09-22T04:12:12Z,0, 29, 171.25, 1890, 7000, 63;1, 31, 161.07, 1860, 7000, 57;2, 36, 164.79, 1875, 7000, 50;3, 0, 71.46, 1905, 7000, 35;
2026-09-22T04:12:13Z,0, 30, 187.26, 1860, 7000, 62;1, 31, 168.25, 1845, 7000, 56;2, 35, 168.15, 1875, 7000, 50;3, 0, 71.56, 1905, 7000, 35;
2026-09-22T04:12:14Z,0, 29, 175.57, 1890, 7000, 63;1, 32, 188.74, 1860, 7000, 57;2, 36, 161.50, 1875, 7000, 50;3, 0, 71.72, 1905, 7000, 35;
2026-09-22T04:12:15Z,0, 30, 171.45, 1890, 7000, 62;1, 31, 187.59, 1860, 7000, 57;2, 35, 154.33, 1875, 7000, 50;3, 0, 71.61, 1905, 7000, 35;
2026-09-22T04:12:16Z,0, 29, 194.50, 1890, 7000, 62;1, 19, 189.86, 1860, 7000, 56;2, 19, 160.24, 1875, 7000, 49;3, 0, 71.37, 1905, 7000, 35;
2026-09-22T04:12:17Z,0, 30, 182.10, 1875, 7000, 62;1, 31, 176.29, 1860, 7000, 57;2, 35, 145.19, 1875, 7000, 50;3, 0, 71.39, 1905, 7000, 35;
2026-09-22T04:12:18Z,0, 30, 166.41, 1875, 7000, 62;1, 32, 179.84, 1860, 7000, 57;2, 36, 157.04, 1875, 7000, 50;3, 0, 71.35, 1905, 7000, 35;
2026-09-22T04:12:19Z,0, 29, 194.25, 1890, 7000, 63;1, 31, 159.19, 1860, 7000, 57;2, 35, 140.20, 1875, 7000, 50;3, 0, 71.46, 1905, 7000, 35;
2026-09-22T04:12:21Z,0, 30, 186.35, 1875, 7000, 62;1, 32, 186.79, 1860, 7000, 57;2, 36, 145.41, 1875, 7000, 50;3, 0, 71.77, 1905, 7000, 35;
2026-09-22T04:12:22Z,0, 30, 170.96, 1890, 7000, 62;1, 31, 185.18, 1845, 7000, 56;2, 35, 158.35, 1875, 7000, 50;3, 0, 71.63, 1905, 7000, 35;
2026-09-22T04:12:23Z,0, 29, 179.04, 1890, 7000, 62;1, 31, 189.42, 1860, 7000, 57;2, 35, 145.91, 1875, 7000, 50;3, 0, 99.92, 1905, 7000, 35;
2026-09-22T04:12:24Z,0, 30, 171.40, 1875, 7000, 63;1, 32, 181.96, 1860, 7000, 57;2, 36, 139.38, 1875, 7000, 50;3, 0, 71.48, 1905, 7000, 35;
2026-09-22T04:12:25Z,0, 30, 180.73, 1890, 7000, 62;1, 31, 160.54, 1860, 7000, 57;2, 35, 158.26, 1875, 7000, 50;3, 0, 71.68, 1905, 7000, 35;
2026-09-22T04:12:26Z,0, 30, 191.28, 1875, 7000, 62;1, 32, 177.32, 1860, 7000, 56;2, 36, 164.03, 1875, 7000, 50;3, 0, 71.54, 1905, 7000, 35;
2026-09-22T04:12:27Z,0, 29, 181.90, 1890, 7000, 62;1, 32, 187.66, 1830, 7000, 57;2, 35, 166.13, 1875, 7000, 51;3, 0, 97.44, 1905, 7000, 35;
2026-09-22T04:12:28Z,0, 30, 183.76, 1860, 7000, 62;1, 31, 158.96, 1860, 7000, 56;2, 35, 160.75, 1875, 7000, 50;3, 0, 71.41, 1905, 7000, 35;
2026-09-22T04:12:29Z,0, 29, 181.70, 1890, 7000, 63;1, 32, 168.17, 1860, 7000, 57;2, 36, 136.06, 1875, 7000, 51;3, 0, 71.37, 1905, 7000, 35;
2026-09-22T04:12:30Z,0, 29, 194.92, 1875, 7000, 62;1, 31, 158.04, 1860, 7000, 56;2, 35, 135.97, 1875, 7000, 50;3, 0, 71.62, 1905, 7000, 35;
2026-09-22T04:12:31Z,0, 30, 186.62, 1875, 7000, 62;1, 32, 175.15, 1860, 7000, 57;2, 36, 143.87, 1875, 7000, 51;3, 0, 96.28, 1905, 7000, 35;
2026-09-22T04:12:33Z,0, 30, 179.59, 1890, 7000, 63;1, 31, 173.84, 1860, 7000, 57;2, 35, 152.66, 1875, 7000, 50;3, 0, 71.64, 1905, 7000, 35;
2026-09-22T04:12:34Z,0, 29, 191.72, 1860, 7000, 62;1, 32, 158.07, 1860, 7000, 56;2, 35, 158.51, 1875, 7000, 50;3, 0, 71.46, 1905, 7000, 35;
2026-09-22T04:12:35Z,0, 30, 188.73, 1890, 7000, 62;1, 32, 174.14, 1860, 7000, 57;2, 36, 147.64, 1875, 7000, 50;3, 0, 71.24, 1905, 7000, 35;
2026-09-22T04:12:36Z,0, 30, 183.07, 1890, 7000, 62;1, 31, 186.93, 1860, 7000, 56;2, 35, 133.04, 1875, 7000, 50;3, 0, 89.43, 1905, 7000, 35;
2026-09-22T04:12:37Z,0, 19, 165.27, 1875, 7000, 61;1, 32, 187.65, 1860, 7000, 56;2, 25, 148.09, 1875, 7000, 49;3, 0, 71.58, 1905, 7000, 35;
2026-09-22T04:12:38Z,0, 27, 190.38, 1860, 7000, 62;1, 31, 185.56, 1860, 7000, 57;2, 29, 166.03, 1875, 7000, 50;3, 0, 71.41, 1905, 7000, 35;
2026-09-22T04:12:39Z,0, 30, 185.70, 1890, 7000, 62;1, 32, 183.74, 1830, 7000, 56;2, 36, 151.62, 1875, 7000, 50;3, 0, 71.54, 1905, 7000, 35;
2026-09-22T04:12:40Z,0, 29, 163.60, 1890, 7000, 62;1, 31, 189.27, 1860, 7000, 57;2, 35, 142.04, 1875, 7000, 50;3, 0, 83.11, 1905, 7000, 35;
2026-09-22T04:12:41Z,0, 30, 189.84, 1875, 7000, 63;1, 31, 161.96, 1860, 7000, 57;2, 36, 137.57, 1875, 7000, 50;3, 0, 71.67, 1905, 7000, 35;
2026-09-22T04:12:42Z,0, 29, 191.98, 1890, 7000, 62;1, 32, 190.11, 1860, 7000, 56;2, 35, 153.95, 1860, 7000, 50;3, 0, 71.53, 1905, 7000, 35;
2026-09-22T04:12:43Z,0, 30, 186.77, 1860, 7000, 62;1, 31, 165.93, 1860, 7000, 57;2, 36, 161.41, 1875, 7000, 50;3, 0, 71.40, 1905, 7000, 35;
2026-09-22T04:12:44Z,0, 30, 189.41, 1890, 7000, 63;1, 31, 171.49, 1860, 7000, 57;2, 35, 170.33, 1875, 7000, 50;3, 0, 82.31, 1905, 7000, 35;
2026-09-22T04:12:46Z,0, 29, 169.49, 1875, 7000, 62;1, 32, 185.01, 1860, 7000, 57;2, 36, 150.69, 1875, 7000, 50;3, 0, 71.43, 1905, 7000, 35;
2026-09-22T04:12:47Z,0, 30, 177.59, 1890, 7000, 62;1, 32, 185.74, 1860, 7000, 56;2, 36, 164.99, 1875, 7000, 50;3, 0, 71.44, 1905, 7000, 35;
2026-09-22T04:12:48Z,0, 30, 186.74, 1860, 7000, 62;1, 31, 183.83, 1860, 7000, 57;2, 35, 170.78, 1875, 7000, 51;3, 0, 71.49, 1905, 7000, 35;
2026-09-22T04:12:49Z,0, 29, 179.80, 1890, 7000, 62;1, 32, 184.73, 1860, 7000, 56;2, 36, 152.59, 1875, 7000, 49;3, 0, 77.75, 1905, 7000, 35;
2026-09-22T04:12:50Z,0, 30, 164.74, 1890, 7000, 62;1, 31, 189.33, 1860, 7000, 57;2, 35, 171.04, 1875, 7000, 51;3, 0, 71.62, 1905, 7000, 35;
2026-09-22T04:12:51Z,0, 29, 180.63, 1890, 7000, 62;1, 32, 188.41, 1860, 7000, 56;2, 36, 171.24, 1875, 7000, 50;3, 0, 71.49, 1905, 7000, 35;
2026-09-22T04:12:52Z,0, 30, 187.05, 1860, 7000, 62;1, 31, 180.05, 1830, 7000, 56;2, 35, 146.36, 1875, 7000, 50;3, 0, 71.33, 1905, 7000, 35;
2026-09-22T04:12:53Z,0, 30, 167.53, 1890, 7000, 63;1, 32, 189.86, 1860, 7000, 57;2, 36, 149.48, 1875, 7000, 50;3, 0, 75.28, 1905, 7000, 35;
2026-09-22T04:12:54Z,0, 29, 181.75, 1875, 7000, 62;1, 31, 189.16, 1860, 7000, 56;2, 35, 163.30, 1875, 7000, 50;3, 0, 71.77, 1905, 7000, 35;
2026-09-22T04:12:55Z,0, 30, 186.92, 1875, 7000, 62;1, 32, 167.44, 1860, 7000, 57;2, 35, 169.56, 1875, 7000, 51;3, 0, 71.59, 1905, 7000, 35;
2026-09-22T04:12:56Z,0, 29, 194.50, 1890, 7000, 63;1, 32, 162.81, 1860, 7000, 57;2, 36, 170.65, 1875, 7000, 50;3, 0, 71.87, 1905, 7000, 35;
2026-09-22T04:12:58Z,0, 30, 165.52, 1890, 7000, 61;1, 20, 149.36, 1860, 7000, 56;2, 19, 143.06, 1875, 7000, 49;3, 0, 74.39, 1905, 7000, 35;
2026-09-22T04:12:59Z,0, 30, 194.23, 1890, 7000, 62;1, 29, 163.19, 1860, 7000, 57;2, 35, 169.14, 1875, 7000, 49;3, 0, 71.55, 1905, 7000, 35;
2026-09-22T04:13:00Z,0, 29, 166.82, 1890, 7000, 61;1, 32, 173.73, 1860, 7000, 56;2, 36, 137.78, 1875, 7000, 50;3, 0, 71.75, 1905, 7000, 35;
2026-09-22T04:13:01Z,0, 29, 185.90, 1875, 7000, 62;1, 30, 176.59, 1860, 7000, 57;2, 34, 138.58, 1875, 7000, 51;3, 0, 71.82, 1905, 7000, 35;
2026-09-22T04:13:02Z,0, 30, 195.35, 1890, 7000, 62;1, 31, 162.75, 1860, 7000, 57;2, 35, 142.85, 1875, 7000, 50;3, 0, 71.51, 1905, 7000, 35;
2026-09-22T04:13:03Z,0, 29, 166.34, 1890, 7000, 61;1, 32, 181.80, 1830, 7000, 56;2, 36, 159.43, 1875, 7000, 50;3, 0, 71.71, 1905, 7000, 35;
2026-09-22T04:13:04Z,0, 29, 195.32, 1860, 7000, 62;1, 32, 161.66, 1860, 7000, 57;2, 35, 141.50, 1875, 7000, 51;3, 0, 71.44, 1905, 7000, 35;
2026-09-22T04:13:05Z,0, 30, 167.73, 1890, 7000, 63;1, 32, 174.62, 1860, 7000, 57;2, 36, 142.34, 1875, 7000, 50;3, 0, 71.42, 1905, 7000, 35;
2026-09-22T04:13:06Z,0, 30, 175.41, 1875, 7000, 62;1, 32, 191.44, 1860, 7000, 57;2, 36, 156.18, 1875, 7000, 50;3, 0, 71.81, 1905, 7000, 35;
2026-09-22T04:13:07Z,0, 29, 193.59, 1890, 7000, 62;1, 31, 173.02, 1845, 7000, 56;2, 35, 170.53, 1875, 7000, 50;3, 0, 89.86, 1905, 7000, 35;
2026-09-22T04:13:08Z,0, 30, 174.27, 1875, 7000, 62;1, 31, 191.61, 1860, 7000, 57;2, 35, 164.38, 1875, 7000, 50;3, 0, 71.36, 1905, 7000, 35;
2026-09-22T04:13:09Z,0, 30, 193.94, 1890, 7000, 63;1, 32, 173.74, 1860, 7000, 57;2, 36, 151.69, 1875, 7000, 50;3, 0, 71.62, 1905, 7000, 35;
2026-09-22T04:13:11Z,0, 29, 180.35, 1875, 7000, 62;1, 31, 189.20, 1860, 7000, 57;2, 35, 138.32, 1875, 7000, 51;3, 0, 71.55, 1905, 7000, 35;
2026-09-22T04:13:12Z,0, 29, 195.66, 1890, 7000, 62;1, 32, 173.73, 1845, 7000, 56;2, 36, 138.64, 1875, 7000, 50;3, 0, 99.32, 1905, 7000, 35;
2026-09-22T04:13:13Z,0, 30, 169.50, 1860, 7000, 62;1, 31, 190.09, 1860, 7000, 57;2, 35, 142.28, 1875, 7000, 51;3, 0, 71.59, 1905, 7000, 35;
2026-09-22T04:13:14Z,0, 29, 174.26, 1875, 7000, 62;1, 32, 189.86, 1860, 7000, 57;2, 36, 146.96, 1875, 7000, 50;3, 0, 71.75, 1905, 7000, 35;
2026-09-22T04:13:15Z,0, 30, 194.49, 1890, 7000, 62;1, 32, 175.09, 1860, 7000, 56;2, 35, 152.95, 1875, 7000, 50;3, 0, 71.78, 1905, 7000, 35;
2026-09-22T04:13:16Z,0, 30, 195.66, 1875, 7000, 63;1, 31, 165.86, 1860, 7000, 57;2, 36, 152.78, 1875, 7000, 51;3, 0, 98.50, 1905, 7000, 35;
2026-09-22T04:13:17Z,0, 29, 181.40, 1875, 7000, 62;1, 32, 161.56, 1860, 7000, 57;2, 35, 146.85, 1875, 7000, 50;3, 0, 71.51, 1905, 7000, 35;
2026-09-22T04:13:18Z,0, 23, 167.38, 1875, 7000, 59;1, 31, 139.11, 1860, 7000, 55;2, 36, 114.30, 1875, 7000, 48;3, 0, 71.41, 1905, 7000, 35;
2026-09-22T04:13:19Z,0, 24, 185.17, 1860, 7000, 62;1, 32, 159.01, 1830, 7000, 56;2, 18, 157.90, 1875, 7000, 50;3, 0, 71.88, 1905, 7000, 35;
2026-09-22T04:13:20Z,0, 29, 169.78, 1875, 7000, 62;1, 31, 165.44, 1845, 7000, 56;2, 35, 153.31, 1875, 7000, 49;3, 0, 92.54, 1905, 7000, 35;
2026-09-22T04:13:21Z,0, 30, 175.90, 1890, 7000, 62;1, 31, 175.31, 1860, 7000, 56;2, 35, 151.83, 1875, 7000, 50;3, 0, 71.50, 1905, 7000, 35;
2026-09-22T04:13:23Z,0, 29, 167.20, 1875, 7000, 62;1, 31, 163.87, 1860, 7000, 57;2, 36, 169.95, 1875, 7000, 51;3, 0, 71.68, 1905, 7000, 35;
2026-09-22T04:13:24Z,0, 30, 173.97, 1890, 7000, 63;1, 31, 175.73, 1860, 7000, 57;2, 35, 135.27, 1875, 7000, 50;3, 0, 71.60, 1905, 7000, 35;
2026-09-22T04:13:25Z,0, 30, 166.73, 1875, 7000, 62;1, 32, 188.27, 1860, 7000, 57;2, 36, 151.00, 1875, 7000, 50;3, 0, 85.43, 1905, 7000, 35;
2026-09-22T04:13:26Z,0, 30, 189.77, 1890, 7000, 62;1, 32, 174.83, 1860, 7000, 56;2, 35, 168.82, 1875, 7000, 50;3, 0, 71.67, 1905, 7000, 35;
2026-09-22T04:13:27Z,0, 30, 187.68, 1875, 7000, 62;1, 31, 159.18, 1860, 7000, 57;2, 36, 166.35, 1875, 7000, 51;3, 0, 71.32, 1905, 7000, 35;
2026-09-22T04:13:28Z,0, 30, 173.40, 1890, 7000, 63;1, 32, 176.76, 1860, 7000, 57;2, 36, 153.20, 1875, 7000, 50;3, 0, 71.61, 1905, 7000, 35;
2026-09-22T04:13:29Z,0, 29, 187.60, 1860, 7000, 61;1, 32, 159.03, 1830, 7000, 56;2, 35, 166.47, 1875, 7000, 50;3, 0, 83.93, 1905, 7000, 35;
2026-09-22T04:13:30Z,0, 30, 173.89, 1875, 7000, 62;1, 31, 183.69, 1860, 7000, 57;2, 36, 167.75, 1875, 7000, 51;3, 0, 71.38, 1905, 7000, 35;
2026-09-22T04:13:31Z,0, 29, 180.31, 1890, 7000, 62;1, 31, 163.17, 1830, 7000, 57;2, 35, 158.27, 1875, 7000, 51;3, 0, 71.39, 1905, 7000, 35;
2026-09-22T04:13:32Z,0, 30, 178.27, 1890, 7000, 63;1, 31, 171.43, 1860, 7000, 57;2, 36, 155.63, 1875, 7000, 50;3, 0, 71.65, 1905, 7000, 35;
2026-09-22T04:13:33Z,0, 29, 194.54, 1875, 7000, 62;1, 31, 174.26, 1860, 7000, 56;2, 35, 161.24, 1875, 7000, 50;3, 0, 79.03, 1905, 7000, 35;
2026-09-22T04:13:35Z,0, 30, 187.24, 1890, 7000, 62;1, 31, 167.11, 1830, 7000, 57;2, 36, 166.10, 1875, 7000, 51;3, 0, 71.73, 1905, 7000, 35;
2026-09-22T04:13:36Z,0, 30, 181.40, 1890, 7000, 63;1, 32, 158.87, 1860, 7000, 57;2, 36, 137.19, 1875, 7000, 50;3, 0, 71.42, 1905, 7000, 35;
2026-09-22T04:13:37Z,0, 29, 165.57, 1875, 7000, 62;1, 31, 175.28, 1860, 7000, 56;2, 35, 136.63, 1875, 7000, 50;3, 0, 71.24, 1905, 7000, 35;
2026-09-22T04:13:38Z,0, 30, 171.08, 1890, 7000, 62;1, 32, 186.88, 1830, 7000, 57;2, 36, 137.72, 1875, 7000, 51;3, 0, 76.24, 1905, 7000, 35;
2026-09-22T04:13:39Z,0, 29, 162.87, 1890, 7000, 60;1, 27, 165.62, 1860, 7000, 54;2, 25, 93.56, 1875, 7000, 47;3, 0, 71.82, 1905, 7000, 35;
2026-09-22T04:13:40Z,0, 29, 177.65, 1890, 7000, 62;1, 21, 185.89, 1845, 7000, 56;2, 29, 167.82, 1875, 7000, 50;3, 0, 71.28, 1905, 7000, 35;
2026-09-22T04:13:41Z,0, 30, 188.08, 1860, 7000, 62;1, 32, 179.25, 1860, 7000, 57;2, 36, 149.83, 1875, 7000, 51;3, 0, 71.36, 1905, 7000, 35;
2026-09-22T04:13:42Z,0, 29, 192.43, 1890, 7000, 62;1, 31, 187.21, 1860, 7000, 56;2, 35, 136.12, 1875, 7000, 50;3, 0, 75.61, 1905, 7000, 35;
2026-09-22T04:13:43Z,0, 30, 164.24, 1890, 7000, 62;1, 32, 185.40, 1830, 7000, 57;2, 35, 149.20, 1875, 7000, 51;3, 0, 71.50, 1905, 7000, 35;
2026-09-22T04:13:44Z,0, 29, 190.77, 1875, 7000, 63;1, 32, 189.62, 1860, 7000, 57;2, 36, 160.49, 1875, 7000, 50;3, 0, 71.54, 1905, 7000, 35;
2026-09-22T04:13:45Z,0, 30, 191.51, 1890, 7000, 62;1, 31, 167.03, 1860, 7000, 57;2, 36, 167.86, 1875, 7000, 50;3, 0, 71.20, 1905, 7000, 35;
2026-09-22T04:13:46Z,0, 30, 176.62, 1875, 7000, 62;1, 32, 167.64, 1860, 7000, 56;2, 35, 165.02, 1875, 7000, 50;3, 0, 72.23, 1905, 7000, 35;
2026-09-22T04:13:48Z,0, 29, 172.70, 1890, 7000, 62;1, 31, 186.82, 1830, 7000, 57;2, 36, 157.67, 1875, 7000, 51;3, 0, 71.60, 1905, 7000, 35;
2026-09-22T04:13:49Z,0, 30, 188.04, 1875, 7000, 62;1, 31, 168.06, 1860, 7000, 57;2, 35, 167.13, 1875, 7000, 51;3, 0, 71.39, 1905, 7000, 35;
2026-09-22T04:13:50Z,0, 30, 174.05, 1890, 7000, 63;1, 32, 186.40, 1860, 7000, 57;2, 36, 164.63, 1875, 7000, 50;3, 0, 71.34, 1905, 7000, 35;
2026-09-22T04:13:51Z,0, 29, 188.33, 1875, 7000, 62;1, 32, 187.73, 1860, 7000, 57;2, 35, 144.66, 1875, 7000, 50;3, 0, 71.26, 1905, 7000, 35;
2026-09-22T04:13:52Z,0, 30, 185.90, 1875, 7000, 63;1, 31, 186.25, 1860, 7000, 57;2, 35, 170.39, 1875, 7000, 51;3, 0, 74.10, 1905, 7000, 35;
2026-09-22T04:13:53Z,0, 30, 186.61, 1875, 7000, 62;1, 31, 187.82, 1860, 7000, 57;2, 35, 164.36, 1875, 7000, 50;3, 0, 71.18, 1905, 7000, 35;
2026-09-22T04:13:54Z,0, 30, 193.79, 1890, 7000, 62;1, 31, 177.08, 1830, 7000, 56;2, 36, 151.23, 1875, 7000, 51;3, 0, 71.14, 1905, 7000, 35;
2026-09-22T04:13:55Z,0, 29, 183.16, 1860, 7000, 63;1, 32, 185.03, 1860, 7000, 57;2, 35, 152.97, 1875, 7000, 51;3, 0, 71.38, 1905, 7000, 35;
2026-09-22T04:13:56Z,0, 30, 187.37, 1875, 7000, 62;1, 31, 191.26, 1860, 7000, 57;2, 36, 166.92, 1875, 7000, 50;3, 0, 84.22, 1905, 7000, 35;
2026-09-22T04:13:57Z,0, 30, 193.27, 1890, 7000, 62;1, 32, 183.08, 1830, 7000, 56;2, 35, 167.01, 1875, 7000, 51;3, 0, 71.52, 1905, 7000, 35;
2026-09-22T04:13:58Z,0, 30, 188.26, 1890, 7000, 63;1, 31, 159.94, 1860, 7000, 57;2, 36, 171.03, 1875, 7000, 51;3, 0, 71.44, 1905, 7000, 35;
2026-09-22T04:14:00Z,0, 29, 158.82, 1890, 7000, 59;1, 32, 164.02, 1830, 7000, 55;2, 35, 129.34, 1860, 7000, 48;3, 0, 71.30, 1905, 7000, 35;
2026-09-22T04:14:01Z,0, 17, 193.64, 1890, 7000, 61;1, 30, 171.33, 1830, 7000, 56;2, 19, 157.03, 1875, 7000, 50;3, 0, 99.67, 1905, 7000, 35;
2026-09-22T04:14:02Z,0, 30, 164.27, 1890, 7000, 62;1, 31, 165.20, 1860, 7000, 57;2, 36, 169.75, 1875, 7000, 51;3, 0, 71.14, 1905, 7000, 35;
2026-09-22T04:14:03Z,0, 30, 165.75, 1860, 7000, 61;1, 31, 161.13, 1860, 7000, 56;2, 35, 159.65, 1875, 7000, 50;3, 0, 71.38, 1905, 7000, 35;
2026-09-22T04:14:04Z,0, 29, 177.94, 1890, 7000, 63;1, 31, 173.25, 1860, 7000, 57;2, 36, 170.50, 1875, 7000, 51;3, 0, 71.33, 1905, 7000, 35;
2026-09-22T04:14:05Z,0, 30, 174.26, 1875, 7000, 62;1, 32, 163.70, 1860, 7000, 57;2, 35, 170.28, 1875, 7000, 50;3, 0, 94.61, 1905, 7000, 35;
2026-09-22T04:14:06Z,0, 30, 173.72, 1890, 7000, 62;1, 31, 169.20, 1830, 7000, 56;2, 36, 155.48, 1875, 7000, 50;3, 0, 71.24, 1905, 7000, 35;
2026-09-22T04:14:07Z,0, 30, 188.94, 1890, 7000, 62;1, 31, 189.21, 1860, 7000, 57;2, 36, 164.60, 1875, 7000, 51;3, 0, 71.41, 1905, 7000, 35;
2026-09-22T04:14:08Z,0, 30, 193.98, 1875, 7000, 63;1, 32, 181.49, 1860, 7000, 57;2, 35, 170.19, 1875, 7000, 51;3, 0, 71.23, 1905, 7000, 35;
2026-09-22T04:14:09Z,0, 29, 168.06, 1890, 7000, 62;1, 31, 161.62, 1860, 7000, 56;2, 36, 157.43, 1875, 7000, 50;3, 0, 92.75, 1905, 7000, 35;
2026-09-22T04:14:10Z,0, 30, 195.35, 1860, 7000, 62;1, 31, 183.71, 1830, 7000, 57;2, 35, 145.67, 1875, 7000, 51;3, 0, 71.24, 1905, 7000, 35;
2026-09-22T04:14:12Z,0, 30, 166.95, 1890, 7000, 63;1, 32, 161.59, 1860, 7000, 57;2, 35, 138.59, 1875, 7000, 51;3, 0, 71.28, 1905, 7000, 35;
2026-09-22T04:14:13Z,0, 29, 177.49, 1860, 7000, 62;1, 32, 170.95, 1860, 7000, 57;2, 36, 154.95, 1875, 7000, 51;3, 0, 71.38, 1905, 7000, 35;
2026-09-22T04:14:14Z,0, 30, 169.42, 1890, 7000, 63;1, 31, 162.61, 1860, 7000, 57;2, 35, 164.35, 1875, 7000, 50;3, 0, 86.34, 1905, 7000, 35;
2026-09-22T04:14:15Z,0, 29, 195.66, 1890, 7000, 62;1, 31, 191.80, 1830, 7000, 56;2, 36, 171.22, 1875, 7000, 51;3, 0, 71.55, 1905, 7000, 35;
2026-09-22T04:14:16Z,0, 30, 183.22, 1875, 7000, 62;1, 32, 176.31, 1860, 7000, 57;2, 35, 170.98, 1875, 7000, 51;3, 0, 71.46, 1905, 7000, 35;
2026-09-22T04:14:17Z,0, 30, 170.29, 1890, 7000, 62;1, 31, 165.03, 1860, 7000, 56;2, 36, 162.79, 1875, 7000, 50;3, 0, 71.31, 1905, 7000, 35;
2026-09-22T04:14:18Z,0, 30, 170.74, 1890, 7000, 63;1, 32, 162.40, 1830, 7000, 57;2, 36, 147.23, 1875, 7000, 51;3, 0, 80.46, 1905, 7000, 35;
2026-09-22T04:14:19Z,0, 30, 184.12, 1875, 7000, 62;1, 31, 186.30, 1860, 7000, 57;2, 35, 155.71, 1875, 7000, 51;3, 0, 71.69, 1905, 7000, 35;
2026-09-22T04:14:20Z,0, 29, 117.16, 1890, 7000, 59;1, 31, 104.94, 1860, 7000, 54;2, 36, 68.36, 1875, 7000, 47;3, 0, 72.26, 1905, 7000, 35;
2026-09-22T04:14:21Z,0, 27, 194.96, 1890, 7000, 62;1, 17, 190.88, 1860, 7000, 56;2, 17, 141.66, 1875, 7000, 50;3, 0, 71.42, 1905, 7000, 35;
2026-09-22T04:14:22Z,0, 30, 177.54, 1875, 7000, 62;1, 32, 181.18, 1830, 7000, 56;2, 35, 140.38, 1875, 7000, 50;3, 0, 77.14, 1905, 7000, 35;
2026-09-22T04:14:23Z,0, 29, 186.33, 1875, 7000, 62;1, 31, 187.62, 1860, 7000, 57;2, 35, 139.06, 1875, 7000, 50;3, 0, 71.49, 1905, 7000, 35;
2026-09-22T04:14:25Z,0, 30, 193.00, 1890, 7000, 62;1, 32, 179.65, 1860, 7000, 56;2, 35, 164.38, 1875, 7000, 50;3, 0, 71.51, 1905, 7000, 35;
2026-09-22T04:14:26Z,0, 29, 187.06, 1875, 7000, 62;1, 31, 187.83, 1860, 7000, 57;2, 36, 157.13, 1875, 7000, 51;3, 0, 71.30, 1905, 7000, 35;
2026-09-22T04:14:27Z,0, 30, 170.84, 1890, 7000, 63;1, 31, 171.48, 1860, 7000, 57;2, 35, 141.75, 1875, 7000, 50;3, 0, 76.40, 1905, 7000, 35;
2026-09-22T04:14:28Z,0, 30, 173.65, 1860, 7000, 62;1, 31, 162.61, 1830, 7000, 56;2, 35, 142.64, 1860, 7000, 50;3, 0, 71.50, 1905, 7000, 35;
2026-09-22T04:14:29Z,0, 30, 194.67, 1890, 7000, 63;1, 31, 191.67, 1860, 7000, 57;2, 35, 155.70, 1875, 7000, 51;3, 0, 71.49, 1905, 7000, 35;
2026-09-22T04:14:30Z,0, 29, 173.75, 1875, 7000, 62;1, 32, 163.90, 1860, 7000, 57;2, 36, 137.60, 1875, 7000, 50;3, 0, 71.54, 1905, 7000, 35;
2026-09-22T04:14:31Z,0, 30, 195.49, 1890, 7000, 62;1, 32, 192.16, 1860, 7000, 57;2, 35, 150.10, 1875, 7000, 50;3, 0, 73.87, 1905, 7000, 35;
2026-09-22T04:14:32Z,0, 30, 179.79, 1890, 7000, 62;1, 31, 181.62, 1860, 7000, 57;2, 35, 165.16, 1875, 7000, 51;3, 0, 71.40, 1905, 7000, 35;
2026-09-22T04:14:33Z,0, 29, 187.47, 1860, 7000, 62;1, 32, 187.38, 1830, 7000, 56;2, 35, 147.41, 1875, 7000, 50;3, 0, 71.59, 1905, 7000, 35;
2026-09-22T04:14:34Z,0, 30, 181.90, 1890, 7000, 63;1, 31, 169.00, 1860, 7000, 57;2, 36, 158.57, 1875, 7000, 51;3, 0, 71.29, 1905, 7000, 35;
2026-09-22T04:14:35Z,0, 30, 196.27, 1890, 7000, 63;1, 32, 191.17, 1860, 7000, 57;2, 35, 155.49, 1875, 7000, 50;3, 0, 71.68, 1905, 7000, 35;
2026-09-22T04:14:37Z,0, 29, 196.16, 1875, 7000, 63;1, 32, 191.65, 1860, 7000, 57;2, 36, 158.71, 1875, 7000, 51;3, 0, 71.26, 1905, 7000, 35;
2026-09-22T04:14:38Z,0, 30, 187.01, 1875, 7000, 62;1, 31, 186.97, 1860, 7000, 57;2, 35, 154.39, 1875, 7000, 50;3, 0, 71.41, 1905, 7000, 35;
2026-09-22T04:14:39Z,0, 30, 180.01, 1890, 7000, 62;1, 32, 176.43, 1860, 7000, 57;2, 36, 149.12, 1875, 7000, 51;3, 0, 71.57, 1905, 7000, 35;
2026-09-22T04:14:40Z,0, 29, 195.72, 1875, 7000, 63;1, 31, 191.01, 1845, 7000, 57;2, 35, 133.45, 1875, 7000, 51;3, 0, 71.28, 1905, 7000, 35;
2026-09-22T04:14:41Z,0, 30, 117.22, 1890, 7000, 59;1, 32, 105.19, 1860, 7000, 55;2, 36, 69.45, 1875, 7000, 47;3, 0, 97.25, 1905, 7000, 35;
2026-09-22T04:14:42Z,0, 16, 189.04, 1890, 7000, 62;1, 26, 169.42, 1860, 7000, 56;2, 26, 138.93, 1875, 7000, 50;3, 0, 71.30, 1905, 7000, 35;
2026-09-22T04:14:43Z,0, 30, 186.76, 1860, 7000, 62;1, 31, 187.31, 1830, 7000, 57;2, 35, 157.88, 1875, 7000, 51;3, 0, 71.25, 1905, 7000, 35;
2026-09-22T04:14:44Z,0, 29, 175.83, 1875, 7000, 62;1, 31, 179.18, 1860, 7000, 56;2, 35, 138.73, 1875, 7000, 50;3, 0, 71.33, 1905, 7000, 35;
2026-09-22T04:14:45Z,0, 30, 177.81, 1890, 7000, 62;1, 31, 158.28, 1860, 7000, 57;2, 36, 155.98, 1875, 7000, 51;3, 0, 98.62, 1905, 7000, 35;
2026-09-22T04:14:46Z,0, 29, 191.59, 1875, 7000, 63;1, 32, 183.20, 1860, 7000, 57;2, 36, 140.79, 1875, 7000, 50;3, 0, 71.13, 1905, 7000, 35;
2026-09-22T04:14:47Z,0, 30, 189.04, 1890, 7000, 62;1, 32, 185.11, 1845, 7000, 56;2, 35, 138.75, 1875, 7000, 50;3, 0, 71.24, 1905, 7000, 35;
2026-09-22T04:14:48Z,0, 30, 194.89, 1860, 7000, 62;1, 31, 178.32, 1860, 7000, 57;2, 36, 154.89, 1875, 7000, 51;3, 0, 71.40, 1905, 7000, 35;
2026-09-22T04:14:50Z,0, 30, 192.42, 1890, 7000, 63;1, 32, 185.77, 1860, 7000, 57;2, 35, 166.36, 1875, 7000, 51;3, 0, 96.91, 1905, 7000, 35;
2026-09-22T04:14:51Z,0, 30, 169.41, 1875, 7000, 62;1, 32, 176.63, 1860, 7000, 57;2, 36, 169.46, 1875, 7000, 50;3, 0, 71.61, 1905, 7000, 35;
2026-09-22T04:14:52Z,0, 29, 178.69, 1890, 7000, 62;1, 31, 158.05, 1860, 7000, 57;2, 36, 152.80, 1875, 7000, 51;3, 0, 71.34, 1905, 7000, 35;
2026-09-22T04:14:53Z,0, 30, 168.97, 1875, 7000, 63;1, 32, 182.74, 1860, 7000, 57;2, 35, 165.45, 1875, 7000, 51;3, 0, 71.43, 1905, 7000, 35;
2026-09-22T04:14:54Z,0, 30, 181.83, 1860, 7000, 62;1, 32, 190.60, 1860, 7000, 57;2, 36, 150.52, 1875, 7000, 51;3, 0, 91.15, 1905, 7000, 36;
2026-09-22T04:14:55Z,0, 29, 164.46, 1875, 7000, 63;1, 31, 176.33, 1860, 7000, 57;2, 36, 156.34, 1875, 7000, 51;3, 0, 71.45, 1905, 7000, 35;
2026-09-22T04:14:56Z,0, 30, 175.49, 1890, 7000, 62;1, 31, 158.22, 1845, 7000, 56;2, 35, 160.35, 1860, 7000, 50;3, 0, 71.46, 1905, 7000, 35;
2026-09-22T04:14:57Z,0, 29, 187.37, 1860, 7000, 63;1, 32, 168.21, 1860, 7000, 57;2, 36, 140.37, 1875, 7000, 51;3, 0, 71.69, 1905, 7000, 35;
2026-09-22T04:14:58Z,0, 30, 163.65, 1890, 7000, 63;1, 31, 178.09, 1860, 7000, 57;2, 35, 138.34, 1875, 7000, 50;3, 0, 84.46, 1905, 7000, 35;
2026-09-22T04:14:59Z,0, 30, 176.28, 1890, 7000, 62;1, 31, 158.05, 1860, 7000, 57;2, 36, 141.16, 1875, 7000, 51;3, 0, 71.55, 1905, 7000, 35;
2026-09-22T04:15:00Z,0, 29, 186.99, 1875, 7000, 63;1, 32, 165.63, 1860, 7000, 58;2, 35, 149.25, 1875, 7000, 51;3, 0, 71.63, 1905, 7000, 35;
2026-09-22T04:15:02Z,0, 30, 141.63, 1890, 7000, 60;1, 31, 133.42, 1860, 7000, 55;2, 36, 103.94, 1875, 7000, 48;3, 0, 71.46, 1905, 7000, 35;
2026-09-22T04:15:03Z,0, 21, 187.79, 1890, 7000, 62;1, 17, 187.94, 1860, 7000, 56;2, 19, 165.90, 1875, 7000, 50;3, 0, 82.85, 1905, 7000, 35;
2026-09-22T04:15:04Z,0, 30, 186.86, 1890, 7000, 62;1, 31, 174.19, 1830, 7000, 57;2, 34, 140.32, 1875, 7000, 51;3, 0, 71.54, 1905, 7000, 35;
2026-09-22T04:15:05Z,0, 29, 184.71, 1860, 7000, 62;1, 31, 165.02, 1860, 7000, 57;2, 36, 140.33, 1875, 7000, 50;3, 0, 71.57, 1905, 7000, 35;
2026-09-22T04:15:06Z,0, 30, 193.59, 1890, 7000, 63;1, 32, 185.32, 1860, 7000, 57;2, 35, 143.30, 1875, 7000, 51;3, 0, 71.46, 1905, 7000, 35;
2026-09-22T04:15:07Z,0, 29, 166.70, 1875, 7000, 63;1, 31, 190.16, 1860, 7000, 57;2, 35, 157.18, 1875, 7000, 51;3, 0, 78.43, 1905, 7000, 35;
2026-09-22T04:15:08Z,0, 30, 194.22, 1890, 7000, 63;1, 32, 159.01, 1860, 7000, 56;2, 36, 169.93, 1875, 7000, 50;3, 0, 71.53, 1905, 7000, 35;
2026-09-22T04:15:09Z,0, 30, 181.54, 1860, 7000, 62;1, 32, 190.24, 1860, 7000, 57;2, 35, 137.67, 1875, 7000, 51;3, 0, 71.46, 1905, 7000, 36;
2026-09-22T04:15:10Z,0, 29, 168.65, 1890, 7000, 63;1, 32, 170.11, 1860, 7000, 57;2, 36, 148.73, 1875, 7000, 51;3, 0, 71.49, 1905, 7000, 35;
2026-09-22T04:15:11Z,0, 30, 184.34, 1875, 7000, 62;1, 32, 165.41, 1860, 7000, 57;2, 35, 164.86, 1875, 7000, 50;3, 0, 75.43, 1905, 7000, 35;
2026-09-22T04:15:12Z,0, 30, 196.09, 1890, 7000, 62;1, 31, 184.35, 1860, 7000, 57;2, 35, 171.12, 1875, 7000, 51;3, 0, 71.15, 1905, 7000, 35;
2026-09-22T04:15:13Z,0, 30, 182.79, 1875, 7000, 63;1, 31, 162.59, 1860, 7000, 58;2, 36, 155.79, 1875, 7000, 51;3, 0, 71.66, 1905, 7000, 36;
2026-09-22T04:15:15Z,0, 29, 173.48, 1860, 7000, 62;1, 32, 161.06, 1860, 7000, 57;2, 35, 137.57, 1875, 7000, 51;3, 0, 71.49, 1905, 7000, 36;
2026-09-22T04:15:16Z,0, 30, 187.64, 1890, 7000, 63;1, 31, 163.01, 1860, 7000, 57;2, 35, 139.05, 1875, 7000, 51;3, 0, 74.78, 1905, 7000, 35;
2026-09-22T04:15:17Z,0, 30, 195.28, 1890, 7000, 62;1, 32, 173.66, 1830, 7000, 57;2, 36, 142.20, 1875, 7000, 51;3, 0, 71.50, 1905, 7000, 35;
2026-09-22T04:15:18Z,0, 29, 176.60, 1875, 7000, 63;1, 31, 189.91, 1860, 7000, 57;2, 36, 151.30, 1875, 7000, 51;3, 0, 71.44, 1905, 7000, 36;
2026-09-22T04:15:19Z,0, 30, 185.35, 1890, 7000, 63;1, 32, 162.92, 1860, 7000, 57;2, 35, 160.95, 1875, 7000, 50;3, 0, 71.30, 1905, 7000, 36;
2026-09-22T04:15:20Z,0, 30, 194.39, 1890, 7000, 62;1, 31, 165.37, 1830, 7000, 57;2, 36, 168.18, 1875, 7000, 51;3, 0, 71.67, 1905, 7000, 35;
2026-09-22T04:15:21Z,0, 29, 194.93, 1875, 7000, 63;1, 32, 182.87, 1860, 7000, 58;2, 35, 142.43, 1875, 7000, 51;3, 0, 71.84, 1905, 7000, 36;
2026-09-22T04:15:22Z,0, 30, 171.86, 1860, 7000, 62;1, 32, 192.32, 1860, 7000, 57;2, 35, 139.25, 1875, 7000, 51;3, 0, 71.38, 1905, 7000, 36;
2026-09-22T04:15:23Z,0, 17, 191.64, 1860, 7000, 61;1, 31, 177.35, 1860, 7000, 57;2, 19, 164.36, 1875, 7000, 50;3, 0, 71.40, 1905, 7000, 36;
2026-09-22T04:15:24Z,0, 29, 168.65, 1890, 7000, 63;1, 32, 191.55, 1860, 7000, 57;2, 36, 169.55, 1875, 7000, 51;3, 0, 71.48, 1905, 7000, 36;
2026-09-22T04:15:25Z,0, 30, 170.24, 1890, 7000, 62;1, 31, 190.17, 1860, 7000, 57;2, 35, 163.48, 1875, 7000, 51;3, 0, 82.77, 1905, 7000, 35;
2026-09-22T04:15:27Z,0, 29, 170.09, 1875, 7000, 63;1, 32, 178.09, 1860, 7000, 57;2, 35, 139.50, 1875, 7000, 51;3, 0, 71.38, 1905, 7000, 35;
2026-09-22T04:15:28Z,0, 30, 173.67, 1890, 7000, 63;1, 31, 163.13, 1860, 7000, 57;2, 36, 145.05, 1875, 7000, 51;3, 0, 71.24, 1905, 7000, 36;
2026-09-22T04:15:29Z,0, 30, 170.62, 1875, 7000, 63;1, 31, 180.97, 1860, 7000, 57;2, 36, 166.00, 1875, 7000, 50;3, 0, 71.42, 1905, 7000, 36;
2026-09-22T04:15:30Z,0, 29, 193.40, 1890, 7000, 62;1, 32, 163.07, 1860, 7000, 57;2, 35, 168.68, 1875, 7000, 51;3, 0, 99.48, 1905, 7000, 35;
2026-09-22T04:15:31Z,0, 30, 186.62, 1875, 7000, 63;1, 31, 176.42, 1860, 7000, 58;2, 36, 154.38, 1875, 7000, 51;3, 0, 71.32, 1905, 7000, 36;
2026-09-22T04:15:32Z,0, 30, 169.59, 1890, 7000, 63;1, 31, 189.31, 1860, 7000, 57;2, 35, 144.60, 1875, 7000, 50;3, 0, 71.75, 1905, 7000, 36;
2026-09-22T04:15:33Z,0, 29, 189.91, 1860, 7000, 62;1, 32, 173.28, 1860, 7000, 57;2, 35, 168.49, 1875, 7000, 51;3, 0, 71.36, 1905, 7000, 36;
2026-09-22T04:15:34Z,0, 30, 174.85, 1890, 7000, 63;1, 32, 191.36, 1860, 7000, 57;2, 36, 158.79, 1875, 7000, 51;3, 0, 98.74, 1905, 7000, 36;
2026-09-22T04:15:35Z,0, 30, 165.70, 1890, 7000, 62;1, 31, 175.76, 1860, 7000, 57;2, 36, 147.87, 1860, 7000, 51;3, 0, 71.57, 1905, 7000, 36;
2026-09-22T04:15:36Z,0, 29, 173.33, 1890, 7000, 63;1, 32, 187.22, 1860, 7000, 57;2, 35, 163.57, 1875, 7000, 51;3, 0, 71.64, 1905, 7000, 36;
2026-09-22T04:15:37Z,0, 30, 192.89, 1875, 7000, 63;1, 32, 174.55, 1860, 7000, 57;2, 36, 158.41, 1875, 7000, 51;3, 0, 71.53, 1905, 7000, 36;
2026-09-22T04:15:38Z,0, 30, 178.40, 1890, 7000, 63;1, 31, 192.05, 1860, 7000, 57;2, 35, 158.04, 1875, 7000, 51;3, 0, 93.26, 1905, 7000, 36;
2026-09-22T04:15:40Z,0, 30, 174.61, 1890, 7000, 64;1, 31, 187.35, 1860, 7000, 57;2, 36, 169.90, 1875, 7000, 51;3, 0, 71.62, 1905, 7000, 36;
2026-09-22T04:15:41Z,0, 29, 165.40, 1860, 7000, 63;1, 32, 173.74, 1860, 7000, 57;2, 35, 166.48, 1875, 7000, 50;3, 0, 71.33, 1905, 7000, 36;
2026-09-22T04:15:42Z,0, 30, 172.58, 1875, 7000, 63;1, 31, 171.07, 1860, 7000, 58;2, 36, 166.06, 1875, 7000, 51;3, 0, 71.36, 1905, 7000, 36;
2026-09-22T04:15:43Z,0, 29, 179.67, 1890, 7000, 63;1, 32, 159.44, 1860, 7000, 57;2, 35, 165.58, 1875, 7000, 50;3, 0, 87.13, 1905, 7000, 36;
2026-09-22T04:15:44Z,0, 30, 164.07, 1860, 7000, 61;1, 18, 176.71, 1860, 7000, 56;2, 29, 149.62, 1875, 7000, 50;3, 0, 71.20, 1905, 7000, 36;
2026-09-22T04:15:45Z,0, 29, 192.71, 1890, 7000, 63;1, 30, 159.37, 1860, 7000, 57;2, 25, 165.44, 1875, 7000, 51;3, 0, 71.45, 1905, 7000, 36;
2026-09-22T04:15:46Z,0, 30, 185.02, 1890, 7000, 63;1, 32, 159.92, 1830, 7000, 57;2, 35, 156.02, 1875, 7000, 51;3, 0, 71.60, 1905, 7000, 36;
2026-09-22T04:15:47Z,0, 30, 167.62, 1875, 7000, 63;1, 31, 176.01, 1860, 7000, 58;2, 35, 166.21, 1875, 7000, 51;3, 0, 81.30, 1905, 7000, 36;
2026-09-22T04:15:48Z,0, 29, 186.08, 1890, 7000, 63;1, 32, 169.76, 1860, 7000, 57;2, 36, 167.11, 1875, 7000, 51;3, 0, 71.61, 1905, 7000, 36;
2026-09-22T04:15:49Z,0, 30, 189.88, 1860, 7000, 62;1, 32, 164.99, 1860, 7000, 57;2, 35, 155.10, 1875, 7000, 51;3, 0, 71.72, 1905, 7000, 36;
2026-09-22T04:15:50Z,0, 30, 179.78, 1890, 7000, 63;1, 31, 188.90, 1860, 7000, 57;2, 36, 164.13, 1875, 7000, 51;3, 0, 71.30, 1905, 7000, 36;
2026-09-22T04:15:52Z,0, 29, 167.14, 1875, 7000, 63;1, 32, 183.72, 1860, 7000, 58;2, 36, 169.88, 1875, 7000, 51;3, 0, 80.04, 1905, 7000, 36;
2026-09-22T04:15:53Z,0, 30, 180.76, 1890, 7000, 63;1, 31, 188.65, 1830, 7000, 57;2, 35, 153.60, 1860, 7000, 51;3, 0, 71.45, 1905, 7000, 36;
2026-09-22T04:15:54Z,0, 30, 168.15, 1875, 7000, 63;1, 31, 186.13, 1860, 7000, 57;2, 36, 133.49, 1875, 7000, 51;3, 0, 71.18, 1905, 7000, 36;
2026-09-22T04:15:55Z,0, 29, 194.40, 1890, 7000, 64;1, 32, 159.87, 1860, 7000, 58;2, 35, 152.66, 1875, 7000, 51;3, 0, 71.42, 1905, 7000, 36;
2026-09-22T04:15:56Z,0, 30, 190.79, 1890, 7000, 63;1, 32, 176.30, 1860, 7000, 57;2, 36, 147.37, 1875, 7000, 51;3, 0, 76.62, 1905, 7000, 36;
2026-09-22T04:15:57Z,0, 29, 188.72, 1860, 7000, 63;1, 31, 157.85, 1860, 7000, 57;2, 35, 169.79, 1875, 7000, 52;3, 0, 71.65, 1905, 7000, 36;
2026-09-22T04:15:58Z,0, 30, 164.28, 1890, 7000, 63;1, 31, 187.91, 1860, 7000, 57;2, 36, 167.11, 1875, 7000, 51;3, 0, 71.00, 1905, 7000, 36;
2026-09-22T04:15:59Z,0, 29, 182.13, 1890, 7000, 63;1, 32, 176.39, 1830, 7000, 57;2, 35, 161.69, 1875, 7000, 51;3, 0, 71.62, 1905, 7000, 36;
2026-09-22T04:16:00Z,0, 30, 189.68, 1875, 7000, 63;1, 32, 157.46, 1860, 7000, 58;2, 36, 147.62, 1875, 7000, 51;3, 0, 74.20, 1905, 7000, 36;
2026-09-22T04:16:01Z,0, 30, 193.16, 1890, 7000, 62;1, 31, 168.76, 1860, 7000, 57;2, 36, 163.23, 1875, 7000, 51;3, 0, 71.55, 1905, 7000, 36;
2026-09-22T04:16:02Z,0, 29, 181.52, 1890, 7000, 64;1, 32, 180.82, 1860, 7000, 58;2, 35, 167.96, 1875, 7000, 52;3, 0, 71.66, 1905, 7000, 36;
2026-09-22T04:16:03Z,0, 30, 188.58, 1875, 7000, 63;1, 31, 159.36, 1860, 7000, 57;2, 36, 170.64, 1875, 7000, 51;3, 0, 71.47, 1905, 7000, 36;
2026-09-22T04:16:05Z,0, 20, 159.76, 1890, 7000, 61;1, 31, 164.64, 1860, 7000, 57;2, 20, 126.22, 1875, 7000, 49;3, 0, 72.95, 1905, 7000, 36;
2026-09-22T04:16:06Z,0, 26, 167.52, 1890, 7000, 62;1, 32, 189.52, 1860, 7000, 57;2, 34, 140.45, 1875, 7000, 51;3, 0, 71.65, 1905, 7000, 36;
2026-09-22T04:16:07Z,0, 30, 166.41, 1875, 7000, 63;1, 31, 189.02, 1860, 7000, 57;2, 36, 139.05, 1875, 7000, 51;3, 0, 71.40, 1905, 7000, 36;
2026-09-22T04:16:08Z,0, 29, 191.96, 1890, 7000, 63;1, 32, 182.64, 1860, 7000, 57;2, 35, 171.42, 1875, 7000, 51;3, 0, 71.66, 1905, 7000, 36;
2026-09-22T04:16:09Z,0, 30, 163.75, 1890, 7000, 62;1, 31, 185.26, 1860, 7000, 57;2, 36, 157.36, 1875, 7000, 51;3, 0, 71.86, 1905, 7000, 36;
2026-09-22T04:16:10Z,0, 30, 185.57, 1860, 7000, 63;1, 32, 184.75, 1830, 7000, 57;2, 35, 141.15, 1875, 7000, 52;3, 0, 71.53, 1905, 7000, 36;
2026-09-22T04:16:11Z,0, 29, 192.99, 1890, 7000, 64;1, 32, 161.56, 1860, 7000, 58;2, 35, 146.22, 1875, 7000, 51;3, 0, 71.63, 1905, 7000, 36;
2026-09-22T04:16:12Z,0, 30, 175.20, 1875, 7000, 63;1, 31, 180.89, 1860, 7000, 57;2, 36, 162.21, 1875, 7000, 51;3, 0, 71.78, 1905, 7000, 36;
2026-09-22T04:16:13Z,0, 29, 187.59, 1890, 7000, 62;1, 31, 188.24, 1860, 7000, 57;2, 35, 168.97, 1875, 7000, 51;3, 0, 71.85, 1905, 7000, 36;
2026-09-22T04:16:14Z,0, 30, 195.58, 1875, 7000, 63;1, 32, 170.56, 1830, 7000, 57;2, 35, 139.55, 1875, 7000, 52;3, 0, 99.87, 1905, 7000, 36;
2026-09-22T04:16:15Z,0, 30, 163.40, 1890, 7000, 63;1, 31, 187.21, 1860, 7000, 58;2, 35, 149.93, 1875, 7000, 51;3, 0, 71.68, 1905, 7000, 36;
2026-09-22T04:16:17Z,0, 30, 182.89, 1875, 7000, 63;1, 32, 183.14, 1860, 7000, 57;2, 36, 166.17, 1875, 7000, 51;3, 0, 71.58, 1905, 7000, 36;
2026-09-22T04:16:18Z,0, 29, 170.25, 1890, 7000, 63;1, 31, 191.24, 1860, 7000, 58;2, 35, 145.26, 1875, 7000, 52;3, 0, 71.66, 1905, 7000, 36;
2026-09-22T04:16:19Z,0, 29, 196.36, 1875, 7000, 63;1, 32, 179.72, 1860, 7000, 57;2, 35, 150.88, 1860, 7000, 50;3, 0, 100.02, 1905, 7000, 36;
2026-09-22T04:16:20Z,0, 30, 171.36, 1860, 7000, 63;1, 31, 184.11, 1860, 7000, 57;2, 35, 160.39, 1875, 7000, 51;3, 0, 71.65, 1905, 7000, 36;
2026-09-22T04:16:21Z,0, 30, 171.63, 1890, 7000, 64;1, 32, 191.76, 1860, 7000, 58;2, 36, 147.12, 1875, 7000, 52;3, 0, 71.67, 1905, 7000, 36;
2026-09-22T04:16:22Z,0, 29, 180.60, 1875, 7000, 63;1, 31, 179.98, 1860, 7000, 58;2, 35, 139.85, 1875, 7000, 51;3, 0, 71.35, 1905, 7000, 36;
2026-09-22T04:16:23Z,0, 30, 195.22, 1890, 7000, 63;1, 31, 162.75, 1860, 7000, 57;2, 36, 140.10, 1875, 7000, 51;3, 0, 95.77, 1905, 7000, 36;
2026-09-22T04:16:24Z,0, 30, 174.10, 1860, 7000, 64;1, 32, 164.04, 1845, 7000, 58;2, 35, 144.48, 1875, 7000, 51;3, 0, 71.33, 1905, 7000, 36;
2026-09-22T04:16:25Z,0, 29, 155.75, 1890, 7000, 62;1, 25, 151.40, 1860, 7000, 57;2, 36, 149.98, 1875, 7000, 50;3, 0, 71.43, 1905, 7000, 36;
2026-09-22T04:16:26Z,0, 30, 180.95, 1875, 7000, 63;1, 24, 169.00, 1860, 7000, 57;2, 18, 160.26, 1875, 7000, 51;3, 0, 71.42, 1905, 7000, 36;
2026-09-22T04:16:27Z,0, 29, 170.61, 1860, 7000, 63;1, 32, 176.88, 1830, 7000, 57;2, 35, 160.39, 1875, 7000, 51;3, 0, 93.95, 1905, 7000, 36;
2026-09-22T04:16:29Z,0, 30, 169.96, 1890, 7000, 64;1, 31, 189.34, 1860, 7000, 58;2, 36, 141.60, 1875, 7000, 51;3, 0, 71.53, 1905, 7000, 36;
2026-09-22T04:16:30Z,0, 29, 186.59, 1875, 7000, 63;1, 32, 187.14, 1860, 7000, 57;2, 36, 165.80, 1875, 7000, 50;3, 0, 71.50, 1905, 7000, 36;
2026-09-22T04:16:31Z,0, 30, 169.77, 1890, 7000, 63;1, 32, 186.05, 1860, 7000, 57;2, 35, 171.13, 1875, 7000, 51;3, 0, 71.45, 1905, 7000, 36;
2026-09-22T04:16:32Z,0, 30, 180.32, 1875, 7000, 63;1, 31, 188.03, 1860, 7000, 58;2, 36, 156.00, 1875, 7000, 51;3, 0, 87.33, 1905, 7000, 36;
2026-09-22T04:16:33Z,0, 30, 196.87, 1890, 7000, 64;1, 32, 164.90, 1860, 7000, 58;2, 35, 143.88, 1875, 7000, 51;3, 0, 71.48, 1905, 7000, 36;
2026-09-22T04:16:34Z,0, 29, 171.34, 1890, 7000, 63;1, 31, 168.59, 1830, 7000, 57;2, 35, 168.48, 1875, 7000, 51;3, 0, 71.34, 1905, 7000, 36;
2026-09-22T04:16:35Z,0, 30, 197.77, 1860, 7000, 63;1, 31, 191.53, 1860, 7000, 58;2, 36, 151.84, 1875, 7000, 51;3, 0, 71.60, 1905, 7000, 36;
2026-09-22T04:16:36Z,0, 30, 173.22, 1890, 7000, 64;1, 32, 171.76, 1860, 7000, 58;2, 35, 140.07, 1875, 7000, 51;3, 0, 81.18, 1905, 7000, 36;
2026-09-22T04:16:37Z,0, 29, 170.93, 1875, 7000, 63;1, 32, 191.74, 1860, 7000, 57;2, 36, 145.38, 1875, 7000, 50;3, 0, 71.53, 1905, 7000, 36;
2026-09-22T04:16:38Z,0, 30, 172.63, 1890, 7000, 64;1, 31, 181.80, 1860, 7000, 58;2, 35, 144.41, 1875, 7000, 51;3, 0, 71.75, 1905, 7000, 36;
2026-09-22T04:16:39Z,0, 30, 188.60, 1875, 7000, 63;1, 31, 191.94, 1860, 7000, 57;2, 36, 171.23, 1875, 7000, 50;3, 0, 71.75, 1905, 7000, 36;
2026-09-22T04:16:41Z,0, 30, 176.21, 1890, 7000, 63;1, 31, 187.76, 1830, 7000, 57;2, 35, 165.74, 1860, 7000, 51;3, 0, 80.43, 1905, 7000, 36;
2026-09-22T04:16:42Z,0, 29, 172.06, 1875, 7000, 64;1, 32, 171.51, 1860, 7000, 58;2, 35, 161.37, 1875, 7000, 51;3, 0, 71.35, 1905, 7000, 36;
2026-09-22T04:16:43Z,0, 30, 176.78, 1875, 7000, 63;1, 31, 191.93, 1860, 7000, 58;2, 35, 157.37, 1875, 7000, 51;3, 0, 71.72, 1905, 7000, 36;
2026-09-22T04:16:44Z,0, 30, 195.57, 1890, 7000, 63;1, 32, 187.56, 1830, 7000, 57;2, 36, 150.36, 1875, 7000, 51;3, 0, 71.62, 1905, 7000, 36;
2026-09-22T04:16:45Z,0, 29, 172.11, 1875, 7000, 63;1, 31, 179.36, 1860, 7000, 58;2, 35, 142.88, 1875, 7000, 52;3, 0, 76.93, 1905, 7000, 36;
2026-09-22T04:16:46Z,0, 26, 115.97, 1800, 7000, 60;1, 18, 151.27, 1635, 7000, 56;2, 28, 129.60, 1875, 7000, 49;3, 0, 71.75, 1905, 7000, 36;
2026-09-22T04:16:47Z,0, 22, 182.67, 1890, 7000, 63;1, 32, 173.09, 1860, 7000, 57;2, 26, 143.44, 1875, 7000, 50;3, 0, 71.57, 1905, 7000, 36;
2026-09-22T04:16:48Z,0, 29, 171.38, 1890, 7000, 62;1, 31, 162.20, 1830, 7000, 57;2, 35, 145.18, 1875, 7000, 51;3, 0, 71.57, 1905, 7000, 36;
2026-09-22T04:16:49Z,0, 30, 176.54, 1890, 7000, 64;1, 32, 159.50, 1860, 7000, 58;2, 35, 137.98, 1875, 7000, 51;3, 0, 74.47, 1905, 7000, 36;
2026-09-22T04:16:50Z,0, 29, 171.54, 1875, 7000, 63;1, 31, 181.87, 1860, 7000, 58;2, 36, 141.40, 1875, 7000, 51;3, 0, 71.51, 1905, 7000, 36;
2026-09-22T04:16:51Z,0, 30, 178.77, 1890, 7000, 63;1, 32, 187.03, 1830, 7000, 57;2, 36, 159.90, 1875, 7000, 51;3, 0, 71.54, 1905, 7000, 36;
2026-09-22T04:16:53Z,0, 30, 168.87, 1860, 7000, 63;1, 32, 182.40, 1860, 7000, 57;2, 35, 144.43, 1875, 7000, 51;3, 0, 71.40, 1905, 7000, 36;
2026-09-22T04:16:54Z,0, 29, 196.46, 1875, 7000, 64;1, 31, 186.66, 1860, 7000, 58;2, 35, 142.12, 1875, 7000, 51;3, 0, 73.61, 1905, 7000, 36;
2026-09-22T04:16:55Z,0, 30, 183.79, 1890, 7000, 63;1, 31, 170.80, 1860, 7000, 58;2, 36, 159.65, 1875, 7000, 51;3, 0, 71.64, 1905, 7000, 36;
2026-09-22T04:16:56Z,0, 30, 164.79, 1875, 7000, 63;1, 32, 160.75, 1860, 7000, 57;2, 36, 166.05, 1875, 7000, 51;3, 0, 71.64, 1905, 7000, 36;
2026-09-22T04:16:57Z,0, 29, 184.13, 1890, 7000, 63;1, 31, 188.47, 1845, 7000, 57;2, 35, 166.01, 1875, 7000, 51;3, 0, 71.33, 1905, 7000, 36;
2026-09-22T04:16:58Z,0, 30, 165.05, 1875, 7000, 63;1, 31, 159.81, 1860, 7000, 58;2, 36, 148.99, 1875, 7000, 51;3, 0, 71.61, 1905, 7000, 36;
2026-09-22T04:16:59Z,0, 29, 171.54, 1875, 7000, 63;1, 32, 162.74, 1830, 7000, 57;2, 35, 137.14, 1875, 7000, 51;3, 0, 71.66, 1905, 7000, 36;
2026-09-22T04:17:00Z,0, 30, 168.30, 1875, 7000, 63;1, 32, 165.42, 1860, 7000, 58;2, 36, 146.59, 1875, 7000, 51;3, 0, 71.74, 1905, 7000, 36;
2026-09-22T04:17:01Z,0, 30, 184.01, 1890, 7000, 63;1, 31, 183.69, 1860, 7000, 57;2, 35, 155.75, 1875, 7000, 51;3, 0, 71.44, 1905, 7000, 36;
2026-09-22T04:17:02Z,0, 29, 176.84, 1860, 7000, 63;1, 31, 162.42, 1860, 7000, 58;2, 36, 162.12, 1875, 7000, 51;3, 0, 71.76, 1905, 7000, 36;
2026-09-22T04:17:03Z,0, 30, 165.31, 1890, 7000, 63;1, 32, 166.89, 1860, 7000, 57;2, 35, 168.97, 1860, 7000, 51;3, 0, 99.73, 1905, 7000, 36;
2026-09-22T04:17:04Z,0, 30, 184.63, 1890, 7000, 63;1, 31, 182.68, 1845, 7000, 57;2, 36, 167.44, 1875, 7000, 51;3, 0, 71.45, 1905, 7000, 36;
2026-09-22T04:17:06Z,0, 30, 188.37, 1860, 7000, 63;1, 32, 187.61, 1860, 7000, 57;2, 35, 140.32, 1875, 7000, 51;3, 0, 71.46, 1905, 7000, 36;
2026-09-22T04:17:07Z,0, 18, 174.22, 1890, 7000, 60;1, 31, 136.86, 1860, 7000, 55;2, 36, 129.70, 1875, 7000, 48;3, 0, 71.37, 1905, 7000, 36;
2026-09-22T04:17:08Z,0, 28, 190.22, 1860, 7000, 62;1, 18, 187.09, 1830, 7000, 57;2, 34, 167.99, 1875, 7000, 50;3, 0, 97.91, 1905, 7000, 36;
2026-09-22T04:17:09Z,0, 30, 190.28, 1890, 7000, 63;1, 32, 186.38, 1860, 7000, 58;2, 36, 169.34, 1875, 7000, 51;3, 0, 71.61, 1905, 7000, 36;
2026-09-22T04:17:10Z,0, 29, 190.56, 1890, 7000, 63;1, 31, 189.36, 1860, 7000, 57;2, 35, 169.09, 1875, 7000, 51;3, 0, 71.54, 1905, 7000, 36;
2026-09-22T04:17:11Z,0, 30, 189.99, 1860, 7000, 63;1, 32, 169.88, 1860, 7000, 58;2, 36, 140.02, 1875, 7000, 51;3, 0, 71.63, 1905, 7000, 36;
2026-09-22T04:17:12Z,0, 30, 192.45, 1890, 7000, 64;1, 32, 168.28, 1860, 7000, 58;2, 35, 154.15, 1875, 7000, 51;3, 0, 96.45, 1905, 7000, 36;
2026-09-22T04:17:13Z,0, 29, 167.57, 1875, 7000, 63;1, 32, 169.55, 1860, 7000, 57;2, 36, 168.92, 1875, 7000, 51;3, 0, 71.71, 1905, 7000, 36;
2026-09-22T04:17:14Z,0, 30, 178.73, 1890, 7000, 63;1, 32, 168.08, 1860, 7000, 57;2, 35, 171.29, 1875, 7000, 51;3, 0, 71.75, 1905, 7000, 36;
2026-09-22T04:17:15Z,0, 30, 188.37, 1860, 7000, 63;1, 31, 184.98, 1860, 7000, 57;2, 35, 156.01, 1875, 7000, 51;3, 0, 71.61, 1905, 7000, 36;
2026-09-22T04:17:16Z,0, 29, 175.49, 1890, 7000, 64;1, 31, 190.70, 1860, 7000, 58;2, 36, 137.88, 1875, 7000, 51;3, 0, 90.18, 1905, 7000, 36;
2026-09-22T04:17:18Z,0, 30, 187.79, 1875, 7000, 63;1, 32, 167.32, 1860, 7000, 57;2, 35, 171.01, 1875, 7000, 50;3, 0, 71.42, 1905, 7000, 36;
2026-09-22T04:17:19Z,0, 30, 187.67, 1890, 7000, 63;1, 31, 186.00, 1860, 7000, 57;2, 36, 170.74, 1875, 7000, 51;3, 0, 71.69, 1905, 7000, 36;
2026-09-22T04:17:20Z,0, 29, 184.50, 1875, 7000, 63;1, 32, 175.64, 1860, 7000, 57;2, 35, 159.51, 1875, 7000, 50;3, 0, 71.84, 1905, 7000, 36;
2026-09-22T04:17:21Z,0, 29, 193.11, 1890, 7000, 63;1, 31, 185.69, 1860, 7000, 57;2, 35, 170.35, 1875, 7000, 51;3, 0, 88.65, 1905, 7000, 36;
2026-09-22T04:17:22Z,0, 30, 176.44, 1890, 7000, 64;1, 32, 192.27, 1860, 7000, 58;2, 36, 170.95, 1875, 7000, 51;3, 0, 71.40, 1905, 7000, 36;
2026-09-22T04:17:23Z,0, 29, 186.48, 1860, 7000, 63;1, 31, 179.13, 1860, 7000, 57;2, 35, 171.29, 1875, 7000, 50;3, 0, 71.44, 1905, 7000, 36;
2026-09-22T04:17:24Z,0, 30, 194.41, 1890, 7000, 63;1, 31, 186.37, 1860, 7000, 57;2, 36, 142.61, 1875, 7000, 51;3, 0, 71.43, 1905, 7000, 36;
2026-09-22T04:17:25Z,0, 30, 186.33, 1875, 7000, 64;1, 32, 192.55, 1860, 7000, 58;2, 35, 148.03, 1875, 7000, 51;3, 0, 82.23, 1905, 7000, 36;
2026-09-22T04:17:26Z,0, 29, 163.81, 1875, 7000, 62;1, 31, 181.00, 1830, 7000, 57;2, 36, 154.30, 1875, 7000, 51;3, 0, 71.37, 1905, 7000, 36;
2026-09-22T04:17:27Z,0, 30, 118.05, 1785, 7000, 61;1, 18, 126.48, 1695, 7000, 57;2, 35, 68.54, 1875, 7000, 47;3, 0, 71.55, 1905, 7000, 36;
2026-09-22T04:17:28Z,0, 17, 166.96, 1890, 7000, 63;1, 30, 176.79, 1860, 7000, 58;2, 19, 152.97, 1875, 7000, 51;3, 0, 71.50, 1905, 7000, 36;
2026-09-22T04:17:30Z,0, 29, 180.96, 1875, 7000, 63;1, 31, 164.45, 1860, 7000, 57;2, 36, 138.57, 1875, 7000, 51;3, 0, 78.08, 1905, 7000, 36;
2026-09-22T04:17:31Z,0, 29, 176.59, 1860, 7000, 63;1, 31, 162.43, 1860, 7000, 57;2, 35, 152.80, 1875, 7000, 51;3, 0, 71.43, 1905, 7000, 36;
2026-09-22T04:17:32Z,0, 30, 168.92, 1890, 7000, 64;1, 31, 176.21, 1860, 7000, 58;2, 35, 170.79, 1875, 7000, 51;3, 0, 71.52, 1905, 7000, 36;
2026-09-22T04:17:33Z,0, 29, 178.24, 1875, 7000, 63;1, 32, 192.31, 1860, 7000, 57;2, 35, 166.63, 1875, 7000, 50;3, 0, 71.53, 1905, 7000, 36;
2026-09-22T04:17:34Z,0, 30, 194.84, 1890, 7000, 63;1, 31, 173.55, 1830, 7000, 57;2, 35, 152.09, 1875, 7000, 51;3, 0, 77.39, 1905, 7000, 36;
2026-09-22T04:17:35Z,0, 29, 175.90, 1875, 7000, 63;1, 31, 191.47, 1860, 7000, 57;2, 36, 139.07, 1875, 7000, 51;3, 0, 71.56, 1905, 7000, 36;
2026-09-22T04:17:36Z,0, 30, 168.78, 1890, 7000, 63;1, 32, 192.18, 1860, 7000, 57;2, 35, 139.15, 1875, 7000, 50;3, 0, 71.31, 1905, 7000, 36;
2026-09-22T04:17:37Z,0, 30, 195.39, 1890, 7000, 63;1, 31, 171.26, 1860, 7000, 57;2, 35, 167.67, 1875, 7000, 51;3, 0, 71.55, 1905, 7000, 36;
2026-09-22T04:17:38Z,0, 29, 174.07, 1890, 7000, 63;1, 32, 163.13, 1845, 7000, 58;2, 36, 156.98, 1875, 7000, 51;3, 0, 74.76, 1905, 7000, 36;
2026-09-22T04:17:39Z,0, 30, 172.40, 1875, 7000, 64;1, 32, 174.53, 1860, 7000, 58;2, 35, 139.05, 1875, 7000, 51;3, 0, 71.65, 1905, 7000, 36;
2026-09-22T04:17:40Z,0, 29, 171.88, 1890, 7000, 63;1, 31, 188.29, 1830, 7000, 57;2, 35, 155.85, 1875, 7000, 51;3, 0, 71.65, 1905, 7000, 36;
2026-09-22T04:17:41Z,0, 30, 174.16, 1875, 7000, 63;1, 31, 170.47, 1860, 7000, 58;2, 35, 148.52, 1875, 7000, 51;3, 0, 71.75, 1905, 7000, 36;
2026-09-22T04:17:43Z,0, 30, 174.37, 1890, 7000, 63;1, 32, 163.56, 1860, 7000, 57;2, 36, 170.78, 1875, 7000, 50;3, 0, 71.59, 1905, 7000, 36;
2026-09-22T04:17:44Z,0, 29, 171.69, 1890, 7000, 63;1, 32, 171.41, 1860, 7000, 57;2, 35, 170.45, 1875, 7000, 51;3, 0, 71.73, 1905, 7000, 36;
2026-09-22T04:17:45Z,0, 30, 171.35, 1875, 7000, 63;1, 31, 170.71, 1860, 7000, 58;2, 36, 164.52, 1875, 7000, 51;3, 0, 71.44, 1905, 7000, 36;
2026-09-22T04:17:46Z,0, 29, 191.01, 1890, 7000, 62;1, 32, 163.37, 1830, 7000, 57;2, 35, 160.44, 1875, 7000, 50;3, 0, 71.39, 1905, 7000, 36;
2026-09-22T04:17:47Z,0, 30, 197.57, 1890, 7000, 63;1, 31, 173.98, 1860, 7000, 58;2, 35, 156.78, 1875, 7000, 51;3, 0, 71.70, 1905, 7000, 36;
